Type,Name,Flavor Profile,Image,Size,Strength
Disposable,Geek Bar Pulse 5% Blo Pop,"Pineapple, Banana, Citrus, Strawberry, Bubble Gum, Fruit, Candy",,,
Disposable,Geek Bar Pulse 5% Blue Razz Ice,"Blue Razz, Ice, Blue Raspberry, Fruit, Candy",,,
Disposable,Geek Bar Pulse 5% Meta Moon,"Papaya, Strawberry, Watermelon, Fruit",,,
Sub-Ohm,Meta Fair Grounds,"Deep Fried Cream Cake, Custard, Dessert, Sweet",meta-fair-grounds.jpg,60ml,
Sub-Ohm,Meta Golden Ticket,"Chocolate Milk, Chocolate, Milk, Dessert, Sweet",meta-golden-ticket.jpg,60ml,
Salt Nic,Meta Fair Grounds,"Deep Fried Cream Cake, Custard, Dessert, Sweet",meta-fair-grounds.jpg,30ml,
Salt Nic,Meta Golden Ticket,"Chocolate Milk, Chocolate, Milk, Dessert, Sweet",meta-golden-ticket.jpg,30ml,
Disposable,Geek Bar Pulse 5% Pink Lemonade,"Citrus, Lemonade, Pink Lemonade, Strawberry, Fruit",,,
Disposable,Geek Bar Pulse 5% Strawberry Banana,"Strawberry, Banana, Fruit",,,
Disposable,Geek Bar Pulse 5% Tropical Rainbow Blast,"Tropical, Candy, Strawberry, Lime, Grape, Lemon, Orange, Skittles, Fruit, Candy",,,
Disposable,Geek Bar Pulse 5% Watermelon Ice,"Watermelon, Ice, Fruit, Menthol",,,
Disposable,Geek Bar Pulse 5% Black Cherry,"Black Cherry, Fruit",,,
Disposable,Geek Bar Pulse 5% Blue Mint,"Blueberry, Mint, Ice, Menthol, Fruit",,,
Disposable,Geek Bar Pulse 5% California Cherry,"Cherry, Fruit",,,
Disposable,Geek Bar Pulse 5% Dragon Melon,"Dragonfruit, Pear, Watermelon, Fruit",,,
Disposable,Geek Bar Pulse 5% Grape Blo Pop,"Grape, Bubblegum, Fruit, Candy",,,
Disposable,Geek Bar Pulse 5% Juicy Peach Ice,"Peach, Ice, Menthol, Fruit",,,
Disposable,Geek Bar Pulse 5% Mexico Mango,"Mango, Fruit",,,
Disposable,Geek Bar Pulse 5% Miami Mint,"Mint, Citrus, Lemon, Lime, Menthol",,,
Disposable,Geek Bar Pulse 5% Sour Apple Ice,"Green Apple, Sour Apple, Ice, Menthol, Fruit, Candy",,,
Disposable,Geek Bar Pulse 5% Strawberry Mango,"Mango, Strawberry, Fruit",,,
Disposable,Geek Bar Pulse 5% White Gummy Ice,"Pineapple, Gummy, Ice, Menthol, Fruit, Candy",,,
Disposable,Geek Bar Pulse 5% Cherry Bomb,"Cherry, Ice, Menthol, Fruit",,,
Disposable,RAZ TN9000 5% Apple Cinnamon,"Apple, Cinnamon, Apple Pie, Dessert",,,
Disposable,RAZ TN9000 5% Blue Raz Ice,"Blue Rasberry, Ice, Blue Razz, Menthol",,,
Disposable,RAZ TN9000 5% Blueberry Watermelon,"Blueberry, Watermelon, Fruit",,,
Disposable,RAZ TN9000 5% Cactus Jack,"Cactus, Pineapple, Mango, Papaya, Guava, Fruit, Tropical",,,
Disposable,RAZ TN9000 5% Cherry Lemon,"Cherry, Lemon, Fruit",,,
Disposable,RAZ TN9000 5% Citronnade,"Citrus, Lemon, Lemonade",,,
Disposable,RAZ TN9000 5% Dragon Fruit Lemonade,"Dragon Fruit, Lemonade, Fruit, Lemon",,,
Disposable,RAZ TN9000 5% Graham Twist,"Graham, Honey, Dessert",,,
Disposable,RAZ TN9000 5% Grape Ice,"Grape, Ice, Menthol",,,
Disposable,RAZ TN9000 5% Mango Colada,"Mango, Coconut, Pineapple, Fruit",,,
Disposable,RAZ TN9000 5% Miami Mint,"Mint, Citrus, Lemon, Lime, Ice, Menthol",,,
Disposable,RAZ TN9000 5% Night Crawler,"Mystery, Gummy Worm, Candy, Fruit",,,
Disposable,RAZ TN9000 5% Polar Ice,"Mint, Cool, Ice, Menthol",,,
Disposable,RAZ TN9000 5% Pumpkin Pie Frosting,"Pumpkin, Cinnamon, Graham, Frosting, Ice, Vanilla, Dessert",,,
Disposable,RAZ TN9000 5% Strawberry Ice,"Strawberry, Ice, Menthol, Fruit",,,
Disposable,RAZ TN9000 5% Strawberry Shortcake,"Strawberry, Cake, Cream, Vanilla, Dessert",,,
Disposable,RAZ TN9000 5% Triple Berry Ice,"Raspberry, Blueberry, Blackberry, Fruit",,,
Disposable,RAZ TN9000 5% Watermelon Ice,"Watermelon, Ice, Menthol, Fruit, Lush Ice",,,
Salt Nic,7 Daze Fusion Banana Cantaloupe Honeydew,"Banana, Cantaloupe, Honeydew, Fruit",7-daze-fusion-banana-cantaloupe-honeydew.png,30ml,
Salt Nic,7 Daze Fusion Grape Apple Aloe,"Grape, Apple, Aloe, Fruit",7-daze-fusion-grape-apple-aloe.png,30ml,
Salt Nic,7 Daze Fusion Grapefruit Orange Mango,"Grapefruit, Orange, Mango, Fruit",7-daze-fusion-grapefruit-orange-mango.png,30ml,
Salt Nic,7 Daze Fusion Kiwi Passionfruit Guava,"Kiwi, Passionfruit, Guava, Fruit",7-daze-fusion-kiwi-passionfruit-guava.png,30ml,
Salt Nic,7 Daze Fusion Lemon Passionfruit Blueberry,"Lemon, Passionfruit, Blueberry, Fruit",7-daze-fusion-lemon-passionfruit-blueberry.png,30ml,
Salt Nic,7 Daze Fusion Orange Cream Mango,"Orange, Cream, Mango, Fruit, Vanilla",7-daze-fusion-orange-cream-mango.png,30ml,
Salt Nic,7 Daze Fusion Orange Yuzu Tangerine,"Orange, Yuzu, Tangerine, Fruit",7-daze-fusion-orange-yuzu-tangerine.png,30ml,
Salt Nic,7 Daze Fusion Pineapple Coconut Banana,"Pineapple, Coconut, Banana, Fruit, Pina Colada",7-daze-fusion-pineapple-coconut-banana.png,30ml,
Salt Nic,7 Daze Fusion Pineapple Mango Orange,"Pineapple, Mango, Orange, Fruit",7-daze-fusion-pineapple-mango-orange.png,30ml,
Salt Nic,7 Daze Fusion Raspberry Green Apple Watermelon,"Raspberry, Green Apple, Watermelon, Fruit",7-daze-fusion-raspberry-green-apple-watermelon.png,30ml,
Salt Nic,7 Daze Fusion Strawberry Banana Apple,"Strawberry, Banana, Apple, Fruit",7-daze-fusion-strawberry-banana-apple.png,30ml,
Salt Nic,7 Daze Fusion Strawberry Blackberry Lemon,"Strawberry, Blackberry, Lemon, Fruit",7-daze-fusion-strawberry-blackberry-lemon.png,30ml,
Salt Nic,7 Daze Fusion Strawberry Mango Nectarine,"Strawberry, Mango, Nectarine, Fruit",7-daze-fusion-strawberry-mango-nectarine.png,30ml,
Salt Nic,7 Daze Fusion Watermelon Apple Pear,"Watermelon, Apple, Pear, Fruit",7-daze-fusion-watermelon-apple-pear.png,30ml,
Salt Nic,7 Daze Fusion Yellow Green Red Mango,"Mango, Fruit",7-daze-fusion-yellow-green-red-mango.png,30ml,
Salt Nic,"7 Daze Glacial Mint - A crisp, minty blast of menthol with every puff.","Mint, Cool, Ice, Menthol",,30ml,
Salt Nic,7 Daze Iced Fusion Banana Cantaloupe Honeydew Iced,"Banana, Cantaloupe, Honeydew, Iced, Fruit, Menthol",7-daze-iced-fusion-banana-cantaloupe-honeydew-iced.png,30ml,
Salt Nic,7 Daze Iced Fusion Grape Apple Aloe Iced Iced,"Grape, Apple, Aloe, Ice, Fruit, Menthol",7-daze-iced-fusion-grape-apple-aloe-iced-iced.png,30ml,
Salt Nic,7 Daze Iced Fusion Grapefruit Orange Mango Iced,"Grapefruit, Orange, Mango, Fruit, Ice, Menthol",7-daze-iced-fusion-grapefruit-orange-mango-iced.png,30ml,
Salt Nic,7 Daze Iced Fusion Kiwi Passionfruit Guava Iced,"Kiwi, Passionfruit, Guava, Ice, Menthol, Fruit",7-daze-iced-fusion-kiwi-passionfruit-guava-iced.png,30ml,
Salt Nic,7 Daze Iced Fusion Lemon Passionfruit Blueberry Iced,"Lemon, Passionfruit, Blueberry, Fruit, Ice, Menthol",7-daze-iced-fusion-lemon-passionfruit-blueberry-iced.png,30ml,
Salt Nic,7 Daze Iced Fusion Orange Cream Mango Iced,"Orange, Cream, Mango, Ice, Fruit, Menthol",7-daze-iced-fusion-orange-cream-mango-iced.png,30ml,
Salt Nic,7 Daze Iced Fusion Orange Yuzu Tangerine Iced,"Orange, Yuzu, Tangerine, Fruit, Ice, Menthol",7-daze-iced-fusion-orange-yuzu-tangerine-iced.png,30ml,
Salt Nic,7 Daze Iced Fusion Pineapple Coconut Banana Iced,"Pineapple, Coconut, Banana, Fruit, Pina Colada, Ice, Menthol",7-daze-iced-fusion-pineapple-coconut-banana-iced.png,30ml,
Salt Nic,7 Daze Iced Fusion Pineapple Mango Orange Iced,"Pineapple, Mango, Orange, Fruit, Ice, Menthol",7-daze-iced-fusion-pineapple-mango-orange-iced.png,30ml,
Salt Nic,7 Daze Iced Fusion Raspberry Green Apple Watermelon Iced,"Raspberry, Green Apple, Watermelon, Ice, Fruit, Menthol",7-daze-iced-fusion-raspberry-green-apple-watermelon-iced.png,30ml,
Salt Nic,7 Daze Iced Fusion Strawberry Banana Apple Iced,"Strawberry, Banana, Apple, Fruit, Ice, Menthol",7-daze-iced-fusion-strawberry-banana-apple-iced.png,30ml,
Salt Nic,7 Daze Iced Fusion Strawberry Blackberry Lemon Iced,"Strawberry, Blackberry, Lemon, Fruit, Ice, Menthol",7-daze-iced-fusion-strawberry-blackberry-lemon-iced.png,30ml,
Salt Nic,7 Daze Iced Fusion Strawberry Mango Nectarine Iced,"Strawberry, Mango, Nectarine, Fruit, Ice, Menthol",7-daze-iced-fusion-strawberry-mango-nectarine-iced.png,30ml,
Salt Nic,7 Daze Iced Fusion Watermelon Apple Pear Iced,"Watermelon, Apple, Pear, Melon, Fruit, Ice, Menthol",7-daze-iced-fusion-watermelon-apple-pear-iced.png,30ml,
Salt Nic,7 Daze Iced Fusion Yellow Green Red Mango Iced,"Mango, Ice, Fruit, Menthol",7-daze-iced-fusion-yellow-green-red-mango-iced.png,30ml,
Salt Nic,7 Daze Reds Apple Berries,"Apple, Berry, Blueberry, Raspberry, Pomegranate, Fruit",7-daze-reds-apple-berries.png,30ml,
Salt Nic,7 Daze Reds Apple Gold Kiwi,"Apple, Kiwi, Fruit",7-daze-reds-apple-gold-kiwi.png,30ml,
Salt Nic,7 Daze Reds Apple Gold Kiwi Iced,"Apple, Kiwi, Ice, Fruit, Menthol",7-daze-reds-apple-gold-kiwi-iced.png,30ml,
Salt Nic,7 Daze Reds Apple Grape,"Apple, Grape, Fruit",7-daze-reds-apple-grape.png,30ml,
Salt Nic,7 Daze Reds Apple Original,"Apple, Red Apple, Fruit",7-daze-reds-apple-original.png,30ml,
Salt Nic,7 Daze Reds Apple Strawberry,"Apple, Strawberry, Fruit",7-daze-reds-apple-strawberry.png,30ml,
Salt Nic,7 Daze Reds Apple Watermelon,"Apple, Watermelon, Fruit",7-daze-reds-apple-watermelon.png,30ml,
Salt Nic,7 Daze Reds Iced Apple Berries Iced,"Apple, Berry, Ice, Blueberry, Raspberry, Pomegranate, Fruit, Menthol",7-daze-reds-iced-apple-berries-iced.png,30ml,
Salt Nic,7 Daze Reds Iced Apple Grape Iced,"Apple, Grape, Ice, Menthol, Fruit",7-daze-reds-iced-apple-grape-iced.png,30ml,
Salt Nic,7 Daze Reds Iced Apple Original Iced,"Apple, Red Apple, Ice, Menthol, Fruit",7-daze-reds-iced-apple-original-iced.png,30ml,
Salt Nic,7 Daze Reds Iced Apple Strawberry Iced,"Apple, Strawberry, Ice, Fruit, Menthol",7-daze-reds-iced-apple-strawberry-iced.png,30ml,
Salt Nic,7 Daze Reds Iced Apple Watermelon Iced,"Apple, Watermelon, Ice, Fruit, Menthol",7-daze-reds-iced-apple-watermelon-iced.png,30ml,
Salt Nic,7Daze Iced Slapple Iced - Apple and Blue Razz Iced. A collaboration between Reds Apple and Keep It 100.,"Apple, Blue Razz, Blue Raspberry, Ice, Menthol, Fruit, Candy",,30ml,
Salt Nic,7Daze Slapple - Apple and Blue Razz. A collaboration between Reds Apple and Keep It 100.,"Apple, Blue Razz, Blue Raspberry, Fruit, Candy",,30ml,
Salt Nic,Air Factory Menthol,"Menthol, Ice",air-factory-menthol.jpg,30ml,
Salt Nic,Air Factory Mint,"Mint, Ice, Menthol",air-factory-mint.jpg,30ml,
Salt Nic,Alt Zero Just Blues,"Blue, Candy, Blueberry, Blue Razz, Blue Raspberry, Fruit",alt-zero-just-blues.jpg,30ml,
Salt Nic,Alt Zero Just Reds,"Red, Candy, Strawberry, Watermelon, Cherry, Fruit Punch, Fruit, Raspberry",alt-zero-just-reds.jpg,30ml,
Salt Nic,"Alt Zero Paradox - A pitch black Mountain Dew with a twist of bold citrus, grape and dark fruits.","Grape, Citrus, Blackberry, Fruit",,30ml,
Salt Nic,"Alt Zero Paradox on the Rocks - Iced pitch black Mountain Dew with a twist of bold citrus, grape and dark fruits.","Grape, Citrus, Blackberry, Ice, Fruit, Menthol",,30ml,
Salt Nic,Bad Drip Bad Blood - Blueberry and Pomegranate.,"Blueberry, Pomegranate, Vanilla, Fruit, Creamy",,30ml,
Salt Nic,Bad Drip Don't Care Bear - Pear and peach gummies.,"Fruit, Candy, Pear, Peach, Gummy",,30ml,
Salt Nic,Bad Drip Drooly - Grape and Berry Gobstopper.,"Grape, Berry, Candy, Fruit",,30ml,
Salt Nic,"Bad Drip God Nectar - Passion fruit, guava, mango, and orange.","Passionfruit, Orange, Mango, Guava, Fruit, Tropical",,30ml,
Salt Nic,Barista Brew Salted Caramel Macchiato,"Caramel, Coffee, Espresso, Cream, Dessert",,30ml,
Salt Nic,Beard Vape Co. #32 - A delicious cinnamon funnel cake,"Funnel Cake, Cinnamon, Vanilla, Dessert",,30ml,
Salt Nic,Beard The Salty One Apple Cereal Donut Milk,"Apple, Cereal, Donut, Milk, Dessert, Cinnamon",,30ml,
Salt Nic,Beard The Salty One Stawberry Cereal Donut Milk,"Stawberry, Donut, Milk, Dessert",,30ml,
Salt Nic,Brewed Awakening Classic - A frappacino with a caramel blast and bold coffee finish with hazelnut and cream.,"Coffee, Caramel, Hazelnut, Cream, Dessert",,30ml,
Salt Nic,Candy King Batch - Sour Patch Candy.,"Sour Patch Kids, Candy, Orange, Cherry, Lemon, Lime, Fruit",,30ml,
Salt Nic,"Candy King Gush - Blueberry, raspberry, strawberry, green apple, and even orange.","Gushers, Candy, Gummy, Blueberry, Raspberry, Strawberry, Green Apple, Orange, Fruit",,30ml,
Salt Nic,Candy King Peachy Rings,"Peach, Candy, Gummy, Fruit",candy-king-peachy-rings.jpg,30ml,
Salt Nic,"Candy King Pink Squares -  - Chewy goodness blasting with flavor. Every inhale is a rush of vibrant, sweet fruity flavor.","Strawberry, Candy, Starburst, Fruit",,30ml,
Salt Nic,Candy King Strawberry Watermelon Bubblegum,"Strawberry, Watermelon, Bubblegum, Candy, Fruit",,30ml,
Salt Nic,Candy King Swedish,"Swedish Fish, Candy, Gummy, Strawberry, Raspberry, Fruit",candy-king-swedish.jpg,30ml,
Salt Nic,Candy King Worms,"Gummy Worms, Gummy, Candy, Orange, Lime, Lemon, Strawberry, Cherry, Raspberry, Fruit",candy-king-worms.jpg,30ml,
Salt Nic,Cassadega Cannoli Be Breakfast - Italian vanilla cream filled pastry with a light dusting of fruit cereal.,"Cannoli, Cream, Fruit Loops, Cereal, Dessert",cassadega-cannoli-be-breakfast.png,30ml,
Salt Nic,Cassadega Cannoli Be Cookie - Italian vanilla cream filled pastry with a unique cookies & cream shell.,"Cannoli, Cream, Oreo, Cookie, Dessert",cassadega-cannoli-be-cookie.png,30ml,
Salt Nic,Cassadega Cannoli Be Graham - Italian vanilla cream-filled pastry with graham cracker.,"Cannoli, Graham, Cream, Dessert",cassadega-cannoli-be-graham.png,30ml,
Salt Nic,Cassadega Cannoli Be Mine - Italian vanilla cream-filled pastry with strawberry drizzle.,"Cannoli, Cream, Strawberry, Dessert",cassadega-cannoli-be-mine.png,30ml,
Salt Nic,Cassadega Cannoli Be Nuts - Italian vanilla cream filled pastry with a topping of chopped and slow roasted pistachios.,"Cannoli, Cream, Pistachio, Nuts, Dessert",cassadega-cannoli-be-nuts.png,30ml,
Salt Nic,Cassadega Cannoli Be One - Italian vanilla cream-filled pastry,"Cannoli, Cream, Vanilla, Dessert",cassadega-cannoli-be-one.png,30ml,
Salt Nic,"Chubby Vapes Purp - Delicious, grape infused bubblegum.","Grape, Bubblegum, Candy, Fruit",,30ml,
Salt Nic,Cloud Chemist Cereal Science - A nostalgic berry inhale with a sweet cereal milk exhale.,"Cereal, Milk, Berry, Strawberry, Blueberry, Raspberry, Dessert",,30ml,
Salt Nic,Cloud Chemist Claws - An apple bear claw with a gooey caramel apple filling.,"Caramel, Green Apple, Apple, Pastrey, Dessert",,30ml,
Salt Nic,Cloud Chemist Frosty Science - Sweet sugary flaky cereal with a delicious cream finish.,"Frosted Flakes, Cereal, Milk, Dessert",,30ml,
Salt Nic,Cloud Chemist Heisenberry Crunch - A blueberry cereal inhale with a sweet creamy exhale.,"Blueberry, Cereal, Milk, Dessert",,30ml,
Salt Nic,Cloud Chemist Loopy Science - Frosted loopy cereal.,"Fruit Loops, Cereal, Milk, Dessert",,30ml,
Salt Nic,Cloud Chemist Pebble Science - Your favorite pebble cereal during the bedrock era.,"Fruity Pebbles, Cereal, Milk, Dessert",,30ml,
Salt Nic,Cloud Chemist The Alchemist - A sweet sugar frosted cinnamon cereal inhale with a creamy exhale.,"Cinnamon, Sugar, Cinnamon Sugar, Cinnamon Toast Crunch, Cereal, Milk, Dessert",,30ml,
Salt Nic,"Cloud Chemist The Final Experiment - Frosted corn cereal inhale, with a maple brown sugar drizzle and creamy finish.","Corn Pops, Maple, Cereal, Milk, Dessert",,30ml,
Salt Nic,Cloud Nurdz Blue Raspberry Lemon,"Blue Razz, Blue Raspberry, Lemon, Candy, Fruit",cloud-nurdz-blue-raspberry-lemon.jpg,30ml,
Salt Nic,Cloud Nurdz Grape Apple,"Grape, Apple, Green Apple, Candy, Fruit",cloud-nurdz-grape-apple.jpg,30ml,
Salt Nic,Cloud Nurdz Grape Strawberry,"Grape, Strawberry, Candy, Fruit",cloud-nurdz-grape-strawberry.jpg,30ml,
Salt Nic,Cloud Nurdz Sour Watermelon Strawberry,"Sour, Watermelon, Strawberry",cloud-nurdz-sour-watermelon-strawberry.jpg,30ml,
Salt Nic,Cloud Nurdz Watermelon Apple,"Watermelon, Apple, Green Apple, Fruit, Candy",cloud-nurdz-watermelon-apple.jpg,30ml,
Salt Nic,Cloud Nurdz Watermelon Berry,"Watermelon, Berry, Strawberry, Fruit, Candy",cloud-nurdz-watermelon-berry.jpg,30ml,
Salt Nic,Country Clouds Corn Bread Puddin',"Cornbread, Brown Sugar, Maple, Vanilla, Pudding, Dessert",country-clouds-corn-bread-puddin.jpg,30ml,
Salt Nic,Cuttwood Bird Brains - A blend of fruity cereals with a hint of milk.,"Fruit Loops, Cereal, Milk, Dessert",,30ml,
Salt Nic,"Cuttwood Boss Reserve- Honey graham cracker cereal, toasted nuts, sliced banana and creamy milk.","Graham, Milk, Banana, Dessert",,30ml,
Salt Nic,"Cuttwood Mega Melons- Mango, cantaloupe, and papaya.","Melons, Cantaloupe, Papaya, Pineapple, Fruit",,30ml,
Salt Nic,Cuttwood Sugar Drizzle- Sugary cinnamon paired with a smooth creamy body.,"Cinnamon, Sugar, Cinnamon Sugar, Cereal, Milk, Dessert",,30ml,
Salt Nic,Cuttwood Tobacco Trail - Mild tobacco with a hint of honey.,"Tobacco, Honey",,30ml,
Salt Nic,Cuttwood Unicorn Milk - A perfect blend of strawberry and four unique creams.,"Milk, Strawberry, Dessert",,30ml,
Salt Nic,Dinner Lady Lemon Tart,"Lemon, Pastrey, Dessert, Custard",dinner-lady-lemon-tart.jpg,30ml,
Salt Nic,Fruitia Apple Kiwi,"Apple, Kiwi, Fruit",fruitia-apple-kiwi.jpg,30ml,
Salt Nic,Fruitia Banana Ice,"Banana, Ice, Menthol, Fruit",fruitia-banana-ice.jpg,30ml,
Salt Nic,Fruitia Blood Orange Cactus,"Orange, Cactus, Tangerine",fruitia-blood-orange-cactus.jpg,30ml,
Salt Nic,Fruitia Jus Apple Bourbon Tobacco,"Apple, Bourbon, Tobacco",fruitia-jus-apple-bourbon-tobacco.jpg,30ml,
Salt Nic,Fruitia Jus Blue Raspberry Cotton Candy,"Blue Raspberry, Fruit, Cotton Candy, Blue Razz, Candy",,30ml,
Salt Nic,Fruitia Jus Rainbow Ice,"Fruit, Strawberry, Lime, Grape, Lemon, Orange, Skittles, Candy, Ice, Menthol",,30ml,
Salt Nic,Fruitia Jus White Grape Ice,"Grape, White Grape, Fruit, Menthol, Ice",,30ml,
Salt Nic,Fruitia Pineapple Citrus,"Pineapple, Citrus, Mango, Fruit",fruitia-pineapple-citrus.jpg,30ml,
Salt Nic,Fruitia Strawberry Coconut,"Strawberry, Coconut, Fruit",fruitia-strawberry-coconut.jpg,30ml,
Salt Nic,Glas Basix Banana Cream Pie,"Banana, Cream, Vanilla, Pie Crust, Graham, Dessert",glas-basix-banana-cream-pie.jpg,30ml,
Salt Nic,Glas Basix Blue Razz,"Blue Raspberry, Fruit, Blue Razz, Candy, Blueberry, Raspberry",,30ml,
Salt Nic,Glas Basix Blueberry Cake,"Blueberry, Cake, Sweet, Dessert, Vanilla, Frosting",glas-basix-blueberry-cake.jpg,30ml,
Salt Nic,Glas Basix Butterscotch Reserve,"Butterscotch, Sweet, Caramel, Tobacco, Dessert",glas-basix-butterscotch-reserve.jpg,30ml,
Salt Nic,Glas Basix Carribean Punch,"Pineapple, Apple, Peach, Strawberry, Fruit, Apricot",glas-basix-carribean-punch.jpg,30ml,
Salt Nic,Glas Basix Cool Melon,"Melon, Cantaloupe, Cucumber, Ice, Menthol",glas-basix-cool-melon.jpg,30ml,
Salt Nic,Glas Basix Fizzy Lemonade,"Lemonade, Lemon, Lime, Pineapple, Ice, Menthol",glas-basix-fizzy-lemonade.jpg,30ml,
Salt Nic,Gost Vapor The Pancake House Blueberry,"Blueberry, Pancake, Maple, Dessert",,30ml,
Salt Nic,Gost Vapor The Pancake House Caramelized Apple,"Pancake, Caramel, Apple, Green Apple, Maple, Dessert",,30ml,
Salt Nic,Gost Vapor The Pancake House Golden Maple,"Pancake, Maple, Butter, Dessert",,30ml,
Salt Nic,Gost Vapor The Pancake House Strawberry,"Strawberry, Pancake, Maple, Dessert",,30ml,
Salt Nic,Halo Kringle's Curse - Peppermint,"Peppermint, mint, ice, menthol",,30ml,
Salt Nic,"Halo Sub Zero - An intense, cool menthol effect with superior vapor production and a glacier-fresh finish.","Menthol, Ice",,30ml,
Salt Nic," Halo Tribeca - Rich and smooth tobacco flavor, bold top notes and a decadent, velvety finish.","Tobacco, Vanilla, Caramel",,30ml,
Salt Nic,Innevape The Berg Menthol,"Blue Raspberry, Fruit, Blue Razz, Candy, Ice, Menthol",innevape-the-berg-menthol.jpg,30ml,
Salt Nic,Juice Head Freeze Blueberry Lemon,"Blueberry, Lemon, Ice, Menthol, Fruit",juice-head-freeze-blueberry-lemon.jpg,30ml,
Salt Nic,Juice Head Freeze Guava Peach,"Guava, Peach, Ice, Menthol, Fruit",juice-head-freeze-guava-peach.jpg,30ml,
Salt Nic,Juice Head Freeze Mango Strawberry,"Mango, Strawberry, Ice, Menthol, Fruit",juice-head-freeze-mango-strawberry.jpg,30ml,
Salt Nic,Juice Head Freeze Orange Mango,"Orange, Mango, Ice, Menthol, Fruit",juice-head-freeze-orange-mango.jpg,30ml,
Salt Nic,Juice Head Freeze Peach Pear,"Peach, Pear, Ice, Menthol, Fruit",juice-head-freeze-peach-pear.jpg,30ml,
Salt Nic,Juice Head Freeze Pineapple Grapefruit,"Pineapple, Grapefruit, Ice, Menthol, Fruit",juice-head-freeze-pineapple-grapefruit.jpg,30ml,
Salt Nic,Juice Head Freeze Pineapple Guava,"Pineapple, Guava, Ice, Menthol, Fruit",juice-head-freeze-pineapple-guava.jpg,30ml,
Salt Nic,Juice Head Freeze Raspberry Lemonade,"Raspberry, Lemon, Lemonade, Ice, Menthol, Fruit",juice-head-freeze-raspberry-lemonade.jpg,30ml,
Salt Nic,Juice Head Freeze Strawberry Kiwi,"Strawberry, Kiwi, Ice, Menthol, Fruit",juice-head-freeze-strawberry-kiwi.jpg,30ml,
Salt Nic,Juice Head Freeze Watermelon Lime,"Watermelon, Lime, Ice, Menthol, Fruit",juice-head-freeze-watermelon-lime.jpg,30ml,
Salt Nic,Juice Head R Blueberry Lemon,"Blueberry, Lemon, Fruit",juice-head-r-blueberry-lemon.jpg,30ml,
Salt Nic,Juice Head R Guava Peach,"Guava, Peach, Fruit",juice-head-r-guava-peach.jpg,30ml,
Salt Nic,Juice Head R Mango Strawberry,"Mango, Strawberry, Fruit",juice-head-r-mango-strawberry.jpg,30ml,
Salt Nic,Juice Head R Orange Mango,"Orange, Mango, Fruit",juice-head-r-orange-mango.jpg,30ml,
Salt Nic,Juice Head R Peach Pear,"Peach, Pear, Fruit",juice-head-r-peach-pear.jpg,30ml,
Salt Nic,Juice Head R Pineapple Grapefruit,"Pineapple, Grapefruit, Fruit",juice-head-r-pineapple-grapefruit.jpg,30ml,
Salt Nic,Juice Head R Pineapple Guava,"Pineapple, Guava, Fruit",juice-head-r-pineapple-guava.jpg,30ml,
Salt Nic,Juice Head R Raspberry Lemonade,"Raspberry, Lemon, Lemonade, Fruit",juice-head-r-raspberry-lemonade.jpg,30ml,
Salt Nic,Juice Head R Strawberry Kiwi,"Strawberry, Kiwi, Fruit",juice-head-r-strawberry-kiwi.jpg,30ml,
Salt Nic,Juice Head R Watermelon Lime,"Watermelon, Lime, Fruit",juice-head-r-watermelon-lime.jpg,30ml,
Salt Nic,Kaleidoscopic Clouds Looking Glass,"Strawberry, Kiwi, Watermelon, Candy, Fruit",kaleidoscopic-clouds-looking-glass.jpg,30ml,
Salt Nic,Kaleidoscopic Clouds Optical Illusion,"Mango, Melon, Fruit, Candy",kaleidoscopic-clouds-optical-illusion.jpg,30ml,
Salt Nic,Kaleidoscopic Clouds Ruby's Eyes,"Raspberry, Pomagranate, Candy, Fruit",kaleidoscopic-clouds-ruby-s-eyes.jpg,30ml,
Salt Nic,Kaleidoscopic Clouds Sunset,"Raspberry, Orange, Fruit",kaleidoscopic-clouds-sunset.jpg,30ml,
Salt Nic,Keep it 100 Nana Foster,"Banana, Cinnamon, Sugar, Cinnamon Sugar, Vanilla, Dessert",keep-it-100-nana-foster.jpg,30ml,
Salt Nic,Keep it 100 OG Blue,"Blue Raspberry, Fruit, Blue Razz, Candy, Strawberry",keep-it-100-og-blue.jpg,30ml,
Salt Nic,Keep it 100 OG Pink,"Strawberry, Fruit, Candy",keep-it-100-og-pink.jpg,30ml,
Salt Nic,Keep it 100 OG Summer Blue,"Blue Raspberry, Fruit, Blue Razz, Candy, Raspberry, Strawberry, Lemon, Lemonade",keep-it-100-og-summer-blue.jpg,30ml,
Salt Nic,Khali Devil's Punchbowl,"Guava, Peach, Fruit, Fruit Punch, Hawaiian Punch",khali-devil-s-punchbowl.jpg,30ml,
Salt Nic,Khali Devil's Punchbowl Ice,"Guava, Peach, Fruit, Fruit Punch, Hawaiian Punch, Ice, Menthol",khali-devil-s-punchbowl-ice.jpg,30ml,
Salt Nic,Khali The Fairmont,"Pineapple, Cream, Vanilla, Dessert",,30ml,
Salt Nic,Killer Fruits By Vapetasia Blue Razz,"Blue Raspberry, Fruit, Blue Razz, Candy",,30ml,
Salt Nic,Killer Fruits By Vapetasia Trapple,"Triple Apple, Golden Apple, Red Apple, Green Apple, Apple, Fruit",,30ml,
Salt Nic,Met4 Fair Grounds,"Deep Fried Twinkie, Twinkie, Cream Cake, Dessert, Vanilla",met4-fair-grounds.jpg,30ml,
Salt Nic,Met4 Golden Ticket,"Chocolate, Milk, Chocolate Milk, Dessert",met4-golden-ticket.jpg,30ml,
Salt Nic,ML Custard Monster Banana,"Banana, Cream, Custard, Dessert, Sweet",,30ml,24mg / 48mg
Salt Nic,ML Custard Monster Blackberry,"Sweet, Blackberry, Custard, Cream, Dessert",ml-custard-monster-blackberry.jpg,30ml,24mg / 48mg
Salt Nic,ML Custard Monster Blueberry,"Sweet, Blueberry, Custard, Cream, Dessert",ml-custard-monster-blueberry.jpg,30ml,24mg / 48mg
Salt Nic,ML Custard Monster Butterscotch,"Sweet, Butterscotch, Custard, Cream, Dessert",ml-custard-monster-butterscotch.jpg,30ml,24mg / 48mg
Salt Nic,ML Custard Monster Gingerbread,"Sweet, Gingerbread, Custard, Cream, Dessert",,30ml,24mg / 48mg
Salt Nic,ML Custard Monster Mixed Berry,"Sweet, Mixed Berry, Strawberry, Blackberry, Blueberry, Cream, Dessert, Custard, Raspberry",ml-custard-monster-mixed-berry.jpg,30ml,24mg / 48mg
Salt Nic,ML Custard Monster Strawberry,"Strawberry, Custard, Sweet, Cream, Dessert",ml-custard-monster-strawberry.jpg,30ml,24mg / 48mg
Salt Nic,ML Custard Monster Vanilla,"Vanilla, Custard, Sweet, Cream, Dessert",ml-custard-monster-vanilla.jpg,30ml,24mg / 48mg
Salt Nic,ML Frozen Fruit Monster Banana Ice,"Banana, Ice, Menthol, Fruit",ml-frozen-fruit-monster-banana-ice.jpg,30ml,24mg / 48mg
Salt Nic,ML Frozen Fruit Monster Black Cherry Ice,"Cherry, Ice, Menthol, Fruit",ml-frozen-fruit-monster-black-cherry-ice.jpg,30ml,24mg / 48mg
Salt Nic,ML Frozen Fruit Monster Blueberry Raspberry Lemon Ice,"Blueberry, Raspberry, Lemon, Ice, Menthol, Fruit",ml-frozen-fruit-monster-blueberry-raspberry-lemon-ice.jpg,30ml,24mg / 48mg
Salt Nic,ML Frozen Fruit Monster Mango Peach Guava Ice,"Mango, Peach, Guava, Fruit, Menthol, Ice",ml-frozen-fruit-monster-mango-peach-guava-ice.jpg,30ml,24mg / 48mg
Salt Nic,ML Frozen Fruit Monster Mixed Berry Ice,"Berry, Fruit, Mixed Berry, Strawberry, Blackberry, Blueberry, Raspberry, Ice, Menthol",ml-frozen-fruit-monster-mixed-berry-ice.jpg,30ml,24mg / 48mg
Salt Nic,ML Frozen Fruit Monster Passionfruit Orange Guava Ice,"Passionfruit, Orange, Guava, Ice, Menthol, Fruit",ml-frozen-fruit-monster-passionfruit-orange-guava-ice.jpg,30ml,24mg / 48mg
Salt Nic,ML Frozen Fruit Monster Strawberry Banana Ice,"Strawberry, Banana, Ice, Menthol, Fruit",ml-frozen-fruit-monster-strawberry-banana-ice.jpg,30ml,24mg / 48mg
Salt Nic,ML Frozen Fruit Monster Strawberry Kiwi Pomegranate Ice,"Strawberry, Kiwi, Pomegranate, Ice, Menthol, Fruit",ml-frozen-fruit-monster-strawberry-kiwi-pomegranate-ice.jpg,30ml,24mg / 48mg
Salt Nic,ML Frozen Fruit Monster Strawberry Lime Ice,"Strawberry, Lime, Ice, Fruit, Menthol",ml-frozen-fruit-monster-strawberry-lime-ice.jpg,30ml,24mg / 48mg
Salt Nic,ML Frozen Fruit Monster Double Mango Ice,"Mango, Ice, Menthol, Fruit",ml-frozen-fruit-monster-double-mango-ice.jpg,30ml,24mg / 48mg
Salt Nic,ML Fruit Monster Black Cherry,"Cherry, Fruit",ml-fruit-monster-black-cherry.jpg,30ml,24mg / 48mg
Salt Nic,ML Fruit Monster Blueberry Raspberry Lemon,"Blueberry, Raspberry, Lemon, Fruit",ml-fruit-monster-blueberry-raspberry-lemon.jpg,30ml,24mg / 48mg
Salt Nic,ML Fruit Monster Mango Peach Guava,"Mango, Peach, Guava, Fruit",ml-fruit-monster-mango-peach-guava.jpg,30ml,24mg / 48mg
Salt Nic,ML Fruit Monster Mixed Berry,"Raspberry, Blueberry, Strawberry, Blackberry, Fruit",ml-fruit-monster-mixed-berry.jpg,30ml,24mg / 48mg
Salt Nic,ML Fruit Monster Passionfruit Orange Guava,"Passionfruit, Orange, Guava, Fruit, Tropical",ml-fruit-monster-passionfruit-orange-guava.jpg,30ml,24mg / 48mg
Salt Nic,ML Fruit Monster Strawberry Banana,"Strawberry, Banana, Fruit",ml-fruit-monster-strawberry-banana.jpg,30ml,24mg / 48mg
Salt Nic,ML Fruit Monster Strawberry Kiwi Pomegranate,"Strawberry, Kiwi, Pomegranate, Fruit",ml-fruit-monster-strawberry-kiwi-pomegranate.jpg,30ml,24mg / 48mg
Salt Nic,ML Fruit Monster Strawberry Lime,"Strawberry, Lime, Fruit",ml-fruit-monster-strawberry-lime.jpg,30ml,24mg / 48mg
Salt Nic,ML Jam Monster Banana,"Banana, Jam, Butter, Toast, Dessert",ml-jam-monster-banana.jpg,30ml,24mg / 48mg
Salt Nic,ML Jam Monster Black Cherry,"Cherry, Jam, Butter, Toast, Dessert",ml-jam-monster-black-cherry.png,30ml,24mg / 48mg
Salt Nic,ML Jam Monster Blackberry,"Blackberry, Jam, Butter, Toast, Dessert",ml-jam-monster-blackberry.jpg,30ml,24mg / 48mg
Salt Nic,ML Jam Monster Blueberry,"Blueberry, Jam, Butter, Toast, Dessert",ml-jam-monster-blueberry.jpg,30ml,24mg / 48mg
Salt Nic,ML Jam Monster Grape,"Grape, Jam, Butter, Toast, Dessert",ml-jam-monster-grape.jpg,30ml,24mg / 48mg
Salt Nic,ML Jam Monster Mixed Berry,"Strawberry, Blackberry, Blueberry, Raspberry, Mixed Berry, Jam, Butter, Toast, Dessert",ml-jam-monster-mixed-berry.jpg,30ml,24mg / 48mg
Salt Nic,ML Jam Monster PB & Banana,"Peanut, Peanut Butter, Banana, Jam, Dessert",ml-jam-monster-pb-banana.jpg,30ml,24mg / 48mg
Salt Nic,ML Jam Monster PB & Grape,"Peanut, Peanut Butter, Grape, Jam, Dessert",ml-jam-monster-pb-grape.jpg,30ml,24mg / 48mg
Salt Nic,ML Jam Monster PB & Strawberry,"Peanut, Peanut Butter, Strawberry, Jam, Dessert",ml-jam-monster-pb-strawberry.jpg,30ml,24mg / 48mg
Salt Nic,ML Jam Monster Peach,"Peach, Jam, Butter, Toast, Dessert",ml-jam-monster-peach.jpg,30ml,24mg / 48mg
Salt Nic,ML Jam Monster Raspberry,"Raspberry, Jam, Butter, Toast, Dessert",ml-jam-monster-raspberry.jpg,30ml,24mg / 48mg
Salt Nic,ML Jam Monster Strawberry,"Strawberry, Jam, Butter, Toast, Dessert",ml-jam-monster-strawberry.jpg,30ml,24mg / 48mg
Salt Nic,ML Lemonade Monster Blueberry Lemonade,"Blueberry, Lemon, Lemonade, Fruit",ml-lemonade-monster-blueberry-lemonade.jpg,30ml,
Salt Nic,ML Lemonade Monster Mango Lemonade,"Mango, Lemon, Lemonade, Fruit",ml-lemonade-monster-mango-lemonade.jpg,30ml,
Salt Nic,ML Lemonade Monster Mint Lemonade,"Mint, Lemon, Lemonade, Spearmint, Ice",ml-lemonade-monster-mint-lemonade.jpg,30ml,
Salt Nic,ML Lemonade Monster Pink Lemonade,"Lemonade, Lemon, Citrus, Fruit",ml-lemonade-monster-pink-lemonade.jpg,30ml,
Salt Nic,ML Lemonade Monster Strawberry Lemonade,"Lemon, Lemonade, Strawberry, Fruit",ml-lemonade-monster-strawberry-lemonade.jpg,30ml,
Salt Nic,ML Lemonade Monster Watermelon Lemonade,"Lemonade, Lemon, Watermelon, Fruit",ml-lemonade-monster-watermelon-lemonade.jpg,30ml,
Salt Nic,Lemon Monster Blueberry Lemonade,"Blueberry, Lemon, Lemonade, Fruit",lemon-monster-blueberry-lemonade.jpg,30ml,
Salt Nic,Lemon Monster Pink Lemonade,"Lemonade, Lemon, Citrus, Fruit",lemon-monster-pink-lemonade.jpg,30ml,
Salt Nic,Lemon Monster Strawberry Lemonade,"Lemon, Lemonade, Strawberry, Fruit",lemon-monster-strawberry-lemonade.jpg,30ml,
Salt Nic,Lemon Monster Watermelon Lemonade,"Lemonade, Lemon, Watermelon, Fruit",lemon-monster-watermelon-lemonade.jpg,30ml,
Salt Nic,ML The Milk Berry Crunch,"Milk, Berry, Strawberry, Blueberry, Raspberry, Cream, Dessert, Cereal",ml-the-milk-berry-crunch.jpg,30ml,24mg / 48mg
Salt Nic,ML The Milk Cinnamon,"Milk, Cinnamon, Cream, Dessert, Cereal",ml-the-milk-cinnamon.jpg,30ml,24mg / 48mg
Salt Nic,ML The Milk Fruity,"Fruity Pebbles, Cereal, Milk, Cream, Dessert",ml-the-milk-fruity.jpg,30ml,24mg / 48mg
Salt Nic,ML The Milk Jax,"Milk, Apple, Cinnamon, Cream, Dessert, Cereal",ml-the-milk-jax.jpg,30ml,24mg / 48mg
Salt Nic,ML The Milk Strawberry,"Strawberry, Cream, Milk, Dessert",ml-the-milk-strawberry.jpg,30ml,24mg / 48mg
Salt Nic,ML Tobacco Monster Bold,Tobacco,ml-tobacco-monster-bold.jpg,30ml,24mg / 48mg
Salt Nic,ML Tobacco Monster Rich,Tobacco,ml-tobacco-monster-rich.jpg,30ml,24mg / 48mg
Salt Nic,ML Tobacco Monster Smooth,"Tobacco, Sweet, Cream",ml-tobacco-monster-smooth.jpg,30ml,24mg / 48mg
Salt Nic,MRKT PLCE Blood Orange Tangoberry,"Blood Orange, Tangerine, Orange, Grapefruit, Blueberry, Fruit",mrkt-plce-blood-orange-tangoberry.jpg,30ml,
Salt Nic,MRKT PLCE Fuji Pear Mangoberry,"Pear, Mango, Apple, Raspberry, Fruit",mrkt-plce-fuji-pear-mangoberry.jpg,30ml,
Salt Nic,MRKT PLCE Forbidden Berry,"Berry, Strawberry, Raspberry, Blackberry",mrkt-plce-forbidden-berry.jpg,30ml,
Salt Nic,MRKT PLCE Pineapple Peach Dragonberry,"Pineapple, Peach, Dragonberry, Berry",mrkt-plce-pineapple-peach-dragonberry.jpg,30ml,
Salt Nic,MRKT PLCE Watermelon Hula Berry Lime,"Sour, Watermelon, Lime",mrkt-plce-watermelon-hula-berry-lime.jpg,30ml,
Salt Nic,Naked 100 American Patriot,Tobacco,naked-100-american-patriot.png,30ml,
Salt Nic,Naked 100 Berry Menthol,"Berry, Blueberry, Blackberry, Raspberry, Menthol, Ice, Fruit",,30ml,
Salt Nic,Naked 100 Cuban Blend,"Tobacco, Smooth",naked-100-cuban-blend.png,30ml,
Salt Nic,Naked 100 Euro Gold,"Tobacco, Light",naked-100-euro-gold.png,30ml,
Salt Nic,Naked 100 Hawaiian POG,"Passionfruit, Orange, Guava, Fruit, Tropical",naked-100-hawaiian-pog.png,30ml,
Salt Nic,Naked 100 Lava Flow,"Strawberry, Coconut, Pineapple, Pina Colada, Fruit",naked-100-lava-flow.png,30ml,
Salt Nic,Naked 100 Mango,"Mango, Peach, Cream, Fruit",naked-100-mango.png,30ml,
Salt Nic,Naked 100 Mint Menthol,"Mint, Menthol, Cool, Ice",,30ml,
Salt Nic,Naked 100 Really Berry,"Blueberry, Blackberry, Lemon, Fruit",naked-100-really-berry.png,30ml,
Salt Nic,Naked 100 Strawberry Pom Menthol,"Strawberry, Kiwi, Pomegranate, Ice, Menthol, Fruit",,30ml,
Salt Nic,Noms X2 Cactus Jackfruit Mandarine,"Cactus, Jackfruit, Mandarin, Fruit",,30ml,
Salt Nic,Noms X2 White Peach Raspberry,"Peach, Raspberry, Fruit",noms-x2-white-peach-raspberry.jpg,30ml,
Salt Nic,Pachamama Apple Tobacco,"Apple, Tobacco",pachamama-apple-tobacco.jpg,30ml,
Salt Nic,Pachamama Black Ice,"Blackberry, Ice, Menthol, Fruit, Cucumber",,30ml,
Salt Nic,Pachamama Blue Razz Ice,"Blue Razz, Sweet, Blue Raspberry, Ice, Mint, Candy, Fruit",,30ml,
Salt Nic,Pachamama Cherry Limeade,"Cherry, Lime, Lemon, Fruit",pachamama-cherry-limeade.jpg,30ml,
Salt Nic,Pachamama Frosted Cronut,"Vanilla, Caramel, Donut, Dessert",pachamama-frosted-cronut.jpg,30ml,
Salt Nic,Pachamama Fuji,"Apple, Strawberry, Nectarine, Fruit",pachamama-fuji.jpg,30ml,
Salt Nic,Pachamama Fuji Ice,"Apple, Strawberry, Nectarine, Fruit, Ice, Menthol",,30ml,
Salt Nic,Pachamama Golden Peach Pineapple,"Peach, Pineapple, Fruit",,30ml,
Salt Nic,Pachamama Honeydew Melon,"Melon, Honeydew, Fruit",pachamama-honeydew-melon.jpg,30ml,
Salt Nic,Pachamama Icy Mango,"Mango, Ice, Fruit, Menthol",pachamama-icy-mango.jpg,30ml,
Salt Nic,Pachamama Kiwi Berry Ice,"Kiwi, Strawberry, Blueberry, Ice, Menthol, Fruit",pachamama-kiwi-berry-ice.jpg,30ml,
Salt Nic,Pachamama Kiwi Guava Passionfruit,"Kiwi, Guava, Passionfruit, Fruit",pachamama-kiwi-guava-passionfruit.jpg,30ml,
Salt Nic,Pachamama Pink Berry Ice,"Berry, Strawberry, Raspberry, Menthol, Ice, Fruit",pachamama-pink-berry-ice.jpg,30ml,
Salt Nic,Pachamama Purple Mango,"Mango, Fruit, Candy",pachamama-purple-mango.jpg,30ml,
Salt Nic,Pachamama Sorbet,"Raspberry, Lemon, Fruit",pachamama-sorbet.jpg,30ml,
Salt Nic,Pachamama Starfruit Grape,"Starfruit, Grape, Fruit",,30ml,
Salt Nic,Pachamama Starfruit Grape Ice,"Starfruit, Grape, Fruit, Ice, Menthol",,30ml,
Salt Nic,Pachamama Strawberry Watermelon,"Strawberry, Watermelon, Fruit, Candy",,30ml,
Salt Nic,Pachamama Syn Citrus Medley,"Orange, Lemon, Lime, Grapefruit, Fruit, Citrus",pachamama-syn-citrus-medley.jpg,30ml,
Salt Nic,Pachamama White Peach Ice,"Peach, Fruit, Menthol, Ice",,30ml,
Salt Nic,Pinup Vapors Beach Betty,"Tropical Fruits, Berries, Mixed Fruit, Fruit, Mystery, Pina Colada, Pineapple, Coconut",,30ml,
Salt Nic,Pinup Vapors Betty - A variety of different fruit flavors that change with each puff.,"Tropical Fruits, Berries, Mixed Fruit, Mystery, Fruit",,30ml,
Salt Nic,Pinup Vapors Betty Chill - An iced version of a variety of different fruit flavors that change with each puff.,"Tropical Fruits, Berries, Mixed Fruit, Mystery, Fruit, Ice, Menthol",,30ml,
Salt Nic,Pinup Vapors Christie,"Pineapple, Coconut, Pina Colada, Fruit",pinup-vapors-christie.jpg,30ml,
Salt Nic,Pinup Vapors Marilyn - Blend of creamy vanilla custard with hints of butterscotch and a warm caramel drizzle.,"Vanilla, Caramel, Cream, Butterscotch, Dessert",,30ml,
Salt Nic,Pinup Vapors Rita,"Orange, Pineapple, Cherry, Strawberry, Grape, Fruit, Candy, Smarties",pinup-vapors-rita.jpg,30ml,
Salt Nic,Pod Juice Blue Razz Freeze,"Blue Raspberry, Blue Razz, Ice, Candy, Fruit, Menthol",pod-juice-blue-razz-freeze.jpg,30ml,
Salt Nic,Pod Juice Cola Freeze,"Cola, Ice, Menthol",pod-juice-cola-freeze.jpg,30ml,
Salt Nic,Pod Juice Cotton Clouds,"Blue Razz, Blue Raspberry, Strawberry, Vanilla, Cotton Candy, Candy, Fruit",pod-juice-cotton-clouds.jpg,30ml,
Salt Nic,Pod Juice Frozen Strawberry Freeze,"Strawberry, Ice, Menthol",,30ml,
Salt Nic,Pod Juice Jewel Mint,"Mint, Ice, Menthol, Spearmint",pod-juice-jewel-mint.jpg,30ml,
Salt Nic,Pod Juice Jewel Mint Diamond,"Mint, Unsweet, Menthol, Ice",pod-juice-jewel-mint-diamond.jpg,30ml,
Salt Nic,Pod Juice Jewel Mint Lush Freeze,"Watermelon, Fruit, Ice, Menthol, Mint",pod-juice-jewel-mint-lush-freeze.jpg,30ml,
Salt Nic,Pod Juice Jewel Mint Sapphire,"Mint, Ice, Menthol, Wintergreen",pod-juice-jewel-mint-sapphire.jpg,30ml,
Salt Nic,Pod Juice PJ5000 Jewel Malibu Mint,"Mint, Citrus, Lemon, Lime, Menthol, Orange, Fruit, Ice",pod-juice-pj5000-jewel-malibu-mint.jpg,30ml,
Salt Nic,Pod Juice PJ5000 Sakura Grape,"Cherry Blossom, Grape, Fruit",pod-juice-pj5000-sakura-grape.jpg,30ml,
Salt Nic,Pod Juice Pod Energy Freeze,"Redbull, Energy Drink, Ice, Menthol",,30ml,
Salt Nic,Pod Juice Sour Fruity Worms,"Gummy Worms, Gummy, Candy, Orange, Lime, Lemon, Strawberry, Cherry, Raspberry, Fruit",pod-juice-sour-fruity-worms.jpg,30ml,
Salt Nic,Pod Juice Virginia Tobacco,Tobacco,pod-juice-virginia-tobacco.jpg,30ml,
Salt Nic,Propaganda Blue Frost,"Blue Raspberry, Blue Razz, Slushy, Fruit, Candy",propaganda-blue-frost.jpg,30ml,
Salt Nic,Propaganda Cookie Butter,"Vanilla, Oatmeal Cookie, Cream, Cookie, Milk, Dessert",propaganda-cookie-butter.jpg,30ml,
Salt Nic,Propaganda Illuminati,"Blood Orange, Strawberry, Pineapple, Fruit",propaganda-illuminati.jpg,30ml,
Salt Nic,Propaganda Wild Fire,"Almond, Chocolate, Cookie, Dessert",propaganda-wild-fire.jpg,30ml,
Salt Nic,Sadboy B Coconut Cake,"Coconut, Cake, Vanilla, Cream, Dessert",sadboy-b-coconut-cake.jpg,30ml,
Salt Nic,Sadboy B Strawberry Cheesecake,"Strawberry, Cheesecake, Cream, Graham, Dessert",sadboy-b-strawberry-cheesecake.jpg,30ml,
Salt Nic,Sadboy C Blueberry Cookie,"Blueberry, Cookie, Dessert",sadboy-c-blueberry-cookie.jpg,30ml,
Salt Nic,Sadboy C Butter Cookie,"Butter, Cookie, Lemon, Dessert",sadboy-c-butter-cookie.jpg,30ml,
Salt Nic,Sadboy C Custard Cookie,"Custard, Vanilla, Cookie, Dessert",sadboy-c-custard-cookie.jpg,30ml,
Salt Nic,Sadboy C Key Lime Cookie,"Lime, Cookie, Key Lime, Dessert",sadboy-c-key-lime-cookie.jpg,30ml,
Salt Nic,Sadboy C Pumpkin Cookie,"Pumpkin, Cinnamon, Cookie, Dessert, Nutmeg",sadboy-c-pumpkin-cookie.jpg,30ml,
Salt Nic,Sadboy C Shamrock Cookie,"Mint, Cookie, Dessert",sadboy-c-shamrock-cookie.jpg,30ml,
Salt Nic,Sadboy C Unicorn Tears,"Citrus, Cookie, Dessert",sadboy-c-unicorn-tears.jpg,30ml,
Salt Nic,Sadboy F Punch Berry Blood,"Strawberry, Blackberry, Blueberry, Lemon, Raspberry, Lemonade, Candy, Fruit",sadboy-f-punch-berry-blood.jpg,30ml,
Salt Nic,Sadboy F Rainbow Blood,"Strawberry, Blackberry, Blueberry, Raspberry, Lemonade, Fruit",sadboy-f-rainbow-blood.jpg,30ml,
Salt Nic,Sadboy F Strawberry Blood,"Strawberry, Candy, Fruit",sadboy-f-strawberry-blood.jpg,30ml,
Salt Nic,Sadboy Happy End Blue,"Blue Raspberry, Blue Razz, Cotton Candy, Candy, Fruit",sadboy-happy-end-blue.jpg,30ml,
Salt Nic,Sadboy Happy End Pink,"Strawberry, Cotton Candy, Candy, Fruit",sadboy-happy-end-pink.jpg,30ml,
Salt Nic,Sadboy J Blueberry Jam,"Blueberry, Cookie, Dessert, Jam",sadboy-j-blueberry-jam.jpg,30ml,
Salt Nic,Sadboy J Lemon Cookie,"Cookie, Lemon, Dessert, Jam",sadboy-j-lemon-cookie.jpg,30ml,
Salt Nic,Sadboy J Strawberry Jam,"Strawberry, Cookie, Jam, Dessert",sadboy-j-strawberry-jam.jpg,30ml,
Salt Nic,Sadboy Nola Bar Berry,"Cream, Blueberry, Granola, Dessert",,30ml,
Salt Nic,Sadboy Nola Bar Strawberry,"Cream, Strawberry, Granola, Dessert",,30ml,
Salt Nic,Shijin Tortoise Blood,"Blue Raspberry, Blue Razz, Apple, Green Apple, Fruit, Candy, Sherbert",,30ml,
Salt Nic,Shijin Tortoise Blood on ICE,"Blue Raspberry, Blue Razz, Apple, Green Apple, Fruit, Candy, Menthol, Ice",,30ml,
Salt Nic,Shijin Tortoise Blood on the Rocks,"Blue Raspberry, Blue Razz, Apple, Green Apple, Fruit, Candy, Spearmint, Ice, Mint",,30ml,
Salt Nic,The Finest Tiramisu Custard,"Coffee, Cream, Tiramisu, Vanilla, Custard, Graham, Dessert",,30ml,
Salt Nic,Twist Blend No.1,"Orange, Strawberry, Blueberry, Pineapple, Fruit",twist-blend-no-1.jpg,30ml,
Salt Nic,Twist Green No.1,"Honeydew, Cantaloupe, Candy, Melon, Fruit",twist-green-no-1.jpg,30ml,
Salt Nic,Twist Menthol No.1,"Menthol, Ice",twist-menthol-no-1.jpg,30ml,
Salt Nic,Twist Mint 0,"Mint, Wintergreen, Ice, Menthol",twist-mint-0.jpg,30ml,
Salt Nic,Twist Mint No.1,"Mint, Spearmint, Cool, Ice, Menthol",twist-mint-no-1.jpg,30ml,
Salt Nic,Twist Pink 0,"Lemon, Lemonade, Strawberry, Ice, Menthol, Fruit",twist-pink-0.jpg,30ml,
Salt Nic,Twist Purple Grape,"Grape, Berry, Strawberry, Blueberry, Raspberry, Fruit",twist-purple-grape.jpg,30ml,
Salt Nic,Twist Purple No. 1,"Berry, Blueberry, Strawberry, Raspberry, Lemonade, Lemon, Fruit",twist-purple-no-1.jpg,30ml,
Salt Nic,Twist Red No.1,"Watermelon, Lemon, Lemonade, Fruit",twist-red-no-1.jpg,30ml,
Salt Nic,Twist Tobacco Gold No.1,Tobacco,twist-tobacco-gold-no-1.jpg,30ml,
Salt Nic,Vapetasia Killer Kustard,"Cream, Vanilla, Custard, Dessert",vapetasia-killer-kustard.jpg,30ml,
Salt Nic,Vapetasia Royalty 2,"Tobacco, Hazelnut, Vanilla, Cream, Custard, Dessert",vapetasia-royalty-2.jpg,30ml,
Salt Nic,Verdict Vapors Convict - Strawberry Milk,"Strawberry, Milk, Cream, Marshmallow, Dessert",,30ml,
Salt Nic,Verdict Vapors Mints Chocomint,"Mint, Chocolate, Spearmint, Ice, Menthol, Candy",,30ml,
Salt Nic,Verdict Vapors Mints Peppermint,"Mint, Peppermint, Menthol, Ice",,30ml,
Salt Nic,Verdict Vapors Mints Spearmint,"Mint, Spearmint, Ice, Menthol",,30ml,
Salt Nic,Verdict Vapors Mints Wintergreen,"Mint, Wintergreen, Ice, Menthol",,30ml,
Salt Nic,Verdict Vapors Warden - Hazelnut Pecan Butter,"Hazelnut, Pecan, Butter, Cream, Vanilla, Dessert",,30ml,
Salt Nic,VGod Apple Bomb,"Apple, Green Apple, Fruit, Candy",vgod-apple-bomb.jpg,30ml,
Salt Nic,VGod Berry Bomb,"Strawberry, Fruit, Candy",vgod-berry-bomb.jpg,30ml,
Salt Nic,VGod Cubano,"Tobacco, Cigar, Vanilla",vgod-cubano.jpg,30ml,
Salt Nic,VGod Cubano Black,"Tobacco, Custard, Vanilla",vgod-cubano-black.jpg,30ml,
Salt Nic,VGod Cubano Silver,"Tobacco, Honey, Vanilla, Custard",vgod-cubano-silver.jpg,30ml,
Salt Nic,VGod Dry Tobacco,Tobacco,vgod-dry-tobacco.jpg,30ml,
Salt Nic,VGod Iced Apple Bomb,"Apple, Green Apple, Ice, Menthol, Fruit, Candy",vgod-iced-apple-bomb.jpg,30ml,
Salt Nic,VGod Iced Berry Bomb,"Strawberry, Fruit, Candy, Ice, Menthol",vgod-iced-berry-bomb.jpg,30ml,
Salt Nic,VGod Iced Mango Bomb,"Mango, Fruit, Ice, Menthol",vgod-iced-mango-bomb.jpg,30ml,
Salt Nic,VGod Iced Purple Bomb,"Grape, Fruit, Candy, Ice, Menthol",vgod-iced-purple-bomb.jpg,30ml,
Salt Nic,VGod Lucious,"Watermelon, Fruit, Candy",vgod-lucious.jpg,30ml,
Salt Nic,VGod Lush Ice Eliquids,"Watermelon, Ice, Fruit, Menthol, Lush Ice, Candy",vgod-lush-ice-eliquids.jpg,30ml,
Salt Nic,VGod Mango Bomb,"Mango, Fruit",vgod-mango-bomb.jpg,30ml,
Salt Nic,VGod Mighty Mint,"Mint, Wintergreen, Ice, Menthol",vgod-mighty-mint.jpg,30ml,
Salt Nic,VGod Purple Bomb,"Grape, Fruit, Candy",vgod-purple-bomb.jpg,30ml,
Salt Nic,VGod Summer Strawberry,"Strawberry, Ice, Menthol, Fruit",vgod-summer-strawberry.jpg,30ml,
Salt Nic,Yogi Apple Cinnamon Granola Bar,"Apple, Cinnamon, Granola, Dessert, Honey",yogi-apple-cinnamon-granola-bar.jpg,30ml,
Salt Nic,Yogi Blueberry Granola Bar,"Blueberry, Granola, Honey, Desserrt",yogi-blueberry-granola-bar.jpg,30ml,
Salt Nic,Yogi Java,"Coffee, Chocolate, Granola, Honey, Dessert",yogi-java.jpg,30ml,
Salt Nic,Yogi Original,"Granola, Honey, Dessert",yogi-original.jpg,30ml,
Salt Nic,Yogi Peanut Butter Banana,"Banana, Peanut Butter, Granola, Honey, Dessert",yogi-peanut-butter-banana.jpg,30ml,
Salt Nic,Yogi Strawberry Granola Bar,"Strawberry, Granola, Honey, Dessert",yogi-strawberry-granola-bar.jpg,30ml,
Salt Nic,Yogi Vanilla Tobacco,"Vanilla, Tobacco, Cream, Honey, Granola, Dessert",yogi-vanilla-tobacco.jpg,30ml,
Sub-Ohm,7 Daze Fusion Banana Cantaloupe Honeydew,"SUB, 7daze, 7 daze, Banana, Cantaloupe, Honeydew, Fruit",7-daze-fusion-banana-cantaloupe-honeydew.png,,
Sub-Ohm,7 Daze Fusion Grape Apple Aloe,"SUB, 7daze, 7 daze, Grape, Apple, Aloe, Fruit",7-daze-fusion-grape-apple-aloe.png,,
Sub-Ohm,7 Daze Fusion Kiwi Passionfruit Guava,"SUB, 7daze, 7 daze, Kiwi, Passionfruit, Guava, Fruit",7-daze-fusion-kiwi-passionfruit-guava.png,,
Sub-Ohm,7 Daze Fusion Lemon Passionfruit Blueberry,"SUB, 7daze, 7 daze, Lemon, Passionfruit, Blueberry, Fruit",7-daze-fusion-lemon-passionfruit-blueberry.png,,
Sub-Ohm,7 Daze Fusion Orange Cream Mango,"SUB, 7daze, 7 daze, Orange, Cream, Mango, Fruit",7-daze-fusion-orange-cream-mango.png,,
Sub-Ohm,7 Daze Fusion Orange Yuzu Tangerine,"SUB, 7daze, 7 daze, Oranges, Yuzu, Tangerine, Fruit",7-daze-fusion-orange-yuzu-tangerine.png,,
Sub-Ohm,7 Daze Fusion Pineapple Coconut Banana,"SUB, 7daze, 7 daze, Pineapple, Coconut, Banana, Pina Colada, Fruit",7-daze-fusion-pineapple-coconut-banana.png,,
Sub-Ohm,7 Daze Fusion Pineapple Mango Orange,"SUB, 7daze, 7 daze, Pineapple, Mango, Orange, Fruit",7-daze-fusion-pineapple-mango-orange.png,,
Sub-Ohm,7 Daze Fusion Raspberry Green Apple Watermelon,"SUB, 7daze, 7 daze, Raspberry, Green Apple, Watermelon, Apple, Fruit",7-daze-fusion-raspberry-green-apple-watermelon.png,,
Sub-Ohm,7 Daze Fusion Strawberry Banana Apple,"SUB, 7daze, 7 daze, Strawberry, Banana, Apple, Red Apple, Fruit",7-daze-fusion-strawberry-banana-apple.png,,
Sub-Ohm,7 Daze Fusion Strawberry Blackberry Lemon,"SUB, 7daze, 7 daze, Strawberry, Blackberry, Lemon, Fruit",7-daze-fusion-strawberry-blackberry-lemon.png,,
Sub-Ohm,7 Daze Fusion Strawberry Mango Nectarine,"SUB, 7daze, 7 daze, Strawberry, Mango, Nectarine, Fruit",7-daze-fusion-strawberry-mango-nectarine.png,,
Sub-Ohm,7 Daze Fusion Watermelon Apple Pear,"SUB, 7daze, 7 daze, Watermelon, Apple, Pear, Red Apple, Fruit",7-daze-fusion-watermelon-apple-pear.png,,
Sub-Ohm,7 Daze Fusion Yellow Green Red Mango,"SUB, 7daze, 7 daze, Mango, Fruit",7-daze-fusion-yellow-green-red-mango.png,,
Sub-Ohm,7 Daze Iced Fusion Banana Cantaloupe Honeydew Iced,"SUB, 7daze, 7 daze, Banana, Cantaloupe, Honeydew, Fruit, Ice, Menthol",7-daze-iced-fusion-banana-cantaloupe-honeydew-iced.png,,
Sub-Ohm,7 Daze Iced Fusion Grape Apple Aloe Iced,"SUB, 7daze, 7 daze, Grape, Apple, Aloe, Fruit, Ice, Menthol",7-daze-iced-fusion-grape-apple-aloe-iced.png,,
Sub-Ohm,7 Daze Iced Fusion Grapefruit Orange Mango Iced,"SUB, 7daze, 7 daze, Grapefruit, Orange, Mango, Fruit, Ice, Menthol",7-daze-iced-fusion-grapefruit-orange-mango-iced.png,,
Sub-Ohm,7 Daze Iced Fusion Kiwi Passionfruit Guava Iced,"SUB, 7daze, 7 daze, Kiwi, Passionfruit, Guava, Fruit, Ice, Menthol",7-daze-iced-fusion-kiwi-passionfruit-guava-iced.png,,
Sub-Ohm,7 Daze Iced Fusion Lemon Passionfruit Blueberry Iced,"SUB, 7daze, 7 daze, Lemon, Passionfruit, Blueberry, Fruit, Ice, Menthol",7-daze-iced-fusion-lemon-passionfruit-blueberry-iced.png,,
Sub-Ohm,7 Daze Iced Fusion Orange Cream Mango Iced,"SUB, 7daze, 7 daze, Orange, Cream, Mango, Fruit, Ice, Menthol",7-daze-iced-fusion-orange-cream-mango-iced.png,,
Sub-Ohm,7 Daze Iced Fusion Orange Yuzu Tangerine Iced,"SUB, 7daze, 7 daze, Orange, Yuzu, Tangerine, Fruit, Ice, Menthol",7-daze-iced-fusion-orange-yuzu-tangerine-iced.png,,
Sub-Ohm,7 Daze Iced Fusion Pineapple Coconut Banana Iced,"SUB, 7daze, 7 daze, Pineapple, Coconut, Banana, Pina Colada, Fruit, Ice, Menthol",7-daze-iced-fusion-pineapple-coconut-banana-iced.png,,
Sub-Ohm,7 Daze Iced Fusion Pineapple Mango Orange Iced,"SUB, 7daze, 7 daze, Pineapple, Mango, Orange, Fruit, Ice, Menthol",7-daze-iced-fusion-pineapple-mango-orange-iced.png,,
Sub-Ohm,7 Daze Iced Fusion Raspberry Green Apple Watermelon Iced,"SUB, 7daze, 7 daze, Raspberry, Green Apple, Watermelon, Apple, Fruit, Ice, Menthol",7-daze-iced-fusion-raspberry-green-apple-watermelon-iced.png,,
Sub-Ohm,7 Daze Iced Fusion Strawberry Banana Apple Iced,"SUB, 7daze, 7 daze, Strawberry, Banana, Apple, Red Apple, Fruit, Ice, Menthol",7-daze-iced-fusion-strawberry-banana-apple-iced.png,,
Sub-Ohm,7 Daze Iced Fusion Strawberry Blackberry Lemon Iced,"SUB, 7daze, 7 daze, Strawberry, Blackberry, Lemon, Fruit, Ice, Menthol",7-daze-iced-fusion-strawberry-blackberry-lemon-iced.png,,
Sub-Ohm,7 Daze Iced Fusion Strawberry Mango Nectarine Iced,"SUB, 7daze, 7 daze, Strawberry, Mango, Nectarine, Fruit, Ice, Menthol",7-daze-iced-fusion-strawberry-mango-nectarine-iced.png,,
Sub-Ohm,7 Daze Iced Fusion Watermelon Apple Pear Iced,"SUB, 7daze, 7 daze, Watermelon, Apple, Pear, Red Apple, Fruit, Ice, Menthol",7-daze-iced-fusion-watermelon-apple-pear-iced.png,,
Sub-Ohm,7 Daze Iced Fusion Yellow Green Red Mango Iced,"SUB, 7daze, 7 daze, Mango, Fruit, Ice, Menthol",7-daze-iced-fusion-yellow-green-red-mango-iced.png,,
Sub-Ohm,"7daze Glacial Mint -  - A crisp, minty blast of menthol with every puff.","SUB, 7daze, 7 daze, Mint, Cool, Ice, Menthol",7daze-glacial-mint-a-crisp-minty-blast-of-menthol-with-every-puff.png,,
Sub-Ohm,7daze Reds Apple Berries,"SUB, 7daze, 7 daze, Apple, Berries, Red Apple, Blueberry, Raspberry, Pomegranate, Fruit",7daze-reds-apple-berries.png,,
Sub-Ohm,7daze Reds Apple Gold Kiwi,"SUB, 7daze, 7 daze, Apple, Kiwi, Fruit, Red Apple",7daze-reds-apple-gold-kiwi.png,,
Sub-Ohm,7daze Reds Apple Gold Kiwi Iced,"SUB, 7daze, 7 daze, Apple, Kiwi, Red Apple, Ice, Fruit, Menthol",7daze-reds-apple-gold-kiwi-iced.png,,
Sub-Ohm,7daze Reds Apple Grape,"SUB, 7daze, 7 daze, Apple, Grape, Red Apple, Fruit",7daze-reds-apple-grape.png,,
Sub-Ohm,7daze Reds Apple Original,"SUB, 7daze, 7 daze, Apple, Red Apple, Fruit",7daze-reds-apple-original.png,,
Sub-Ohm,7daze Reds Apple Strawberry,"SUB, 7daze, 7 daze, Apple, Strawberry, Red Apple, Fruit",7daze-reds-apple-strawberry.png,,
Sub-Ohm,7daze Reds Apple Strawberry 06mgAS6,"SUB, 7daze, 7 daze, Apple, Strawberry, Red Apple, Fruit",7daze-reds-apple-strawberry-06mgas6.jpg,,
Sub-Ohm,7daze Reds Apple Watermelon,"SUB, 7daze, 7 daze, Apple, Watermelon, Red Apple, Fruit",7daze-reds-apple-watermelon.png,,
Sub-Ohm,7daze Reds Iced Apple Berries Iced,"SUB, 7daze, 7 daze, Apple, Berries, Red Apple, Blueberry, Raspberry, Pomegranate, Fruit, Ice, Menthol",7daze-reds-iced-apple-berries-iced.png,,
Sub-Ohm,7daze Reds Iced Apple Grape Iced,"SUB, 7daze, 7 daze, Apple, Grape, Red Apple, Fruit, Ice, Menthol",7daze-reds-iced-apple-grape-iced.png,,
Sub-Ohm,7daze Reds Iced Apple Original Iced,"SUB, 7daze, 7 daze, Apple, Red Apple, Ice, Fruit, Menthol",7daze-reds-iced-apple-original-iced.png,,
Sub-Ohm,7daze Reds Iced Apple Strawberry Ice,"SUB, 7daze, 7 daze, Apple, Strawberry, Red Apple, Fruit, Ice, Menthol",7daze-reds-iced-apple-strawberry-ice.png,,
Sub-Ohm,7daze Reds Iced Apple Watermelon Iced,"SUB, 7daze, 7 daze, Apple, Watermelon, Red Apple, Fruit, Ice, Menthol",7daze-reds-iced-apple-watermelon-iced.png,,
Sub-Ohm,7Daze Reds Slapple - Apple and Blue Razz. A collaboration between Reds Apple and Keep It 100.,"SUB, 7daze, 7 daze, Apple, Red Apple, Fruit, Blue Raspberry, Blue Razz, Candy",7daze-reds-slapple-apple-and-blue-razz-a-collaboration-between-reds-apple-and-keep-it-100.jpg,,
Sub-Ohm,7Daze Reds Slapple Iced - Apple and Blue Razz Iced. A collaboration between Reds Apple and Keep It 100.,"SUB, 7daze, 7 daze, Apple, Red Apple, Fruit, Blue Raspberry, Blue Razz, Candy, Ice, Menthol",7daze-reds-slapple-iced-apple-and-blue-razz-iced-a-collaboration-between-reds-apple-and-keep-it-100.jpg,,
Sub-Ohm,Air Factory Menthol,"Menthol, Ice",air-factory-menthol.jpg,,
Sub-Ohm,Air Factory Mint,"Mint, Cool, Ice, Menthol",air-factory-mint.jpg,,
Sub-Ohm,Air Factory Unflavored,"Unflavored, Flavorless",air-factory-unflavored.jpg,,
Sub-Ohm,Alt Zero Excision Harambe,"SUB, Alt Zero, Banana, Strawberry, Blackberry, Blueberry, Fruit, Smoothie",alt-zero-excision-harambe.jpg,,
Sub-Ohm,"Alt Zero Excision Paradox - A pitch black Mountain Dew with a twist of bold citrus, grape and dark fruits.","SUB, Alt Zero, Grape, Citrus, Blackberry, Fruit",alt-zero-excision-paradox-a-pitch-black-mountain-dew-with-a-twist-of-bold-citrus-grape-and-dark-fruits.jpg,,
Sub-Ohm,"Alt Zero Excision Paradox OTR - Iced pitch black Mountain Dew with a twist of bold citrus, grape and dark fruits.","SUB, Alt Zero, Grape, Citrus, Blackberry, Ice, Fruit, Menthol",alt-zero-excision-paradox-otr-iced-pitch-black-mountain-dew-with-a-twist-of-bold-citrus-grape-and-dark-fruits.jpg,,
Sub-Ohm,Alt Zero Excision Virus - The electrifying original lemon lime citrus dew.,"SUB, Alt Zero, Lemon, Lime, Citrus, Mtn Dew, Mountain Dew, Fruit",alt-zero-excision-virus-the-electrifying-original-lemon-lime-citrus-dew.png,,
Sub-Ohm,Alt Zero Excision X Rated - Sweet blueberry tart yogurt.,"SUB, Alt Zero, Blueberry, Raspberry, Blackberry, Yogurt, Vanilla, Cream, Fruit, Dessert",alt-zero-excision-x-rated-sweet-blueberry-tart-yogurt.png,,
Sub-Ohm,Alt Zero Just Blues - A burst of blueberries and raspberries as these sour blue razz flavors explode.,"SUB, Alt Zero, Blue, Candy, Blueberry, Blue Razz, Blue Raspberry, Fruit",alt-zero-just-blues-a-burst-of-blueberries-and-raspberries-as-these-sour-blue-razz-flavors-explode.jpg,,
Sub-Ohm,"Alt Zero Just Reds - Strawberry, Watermelon, Cherry and Fruit Punch Candies.","SUB, Alt Zero, Red, Candy, Strawberry, Watermelon, Cherry, Fruit Punch, Fruit, Raspberry",alt-zero-just-reds-strawberry-watermelon-cherry-and-fruit-punch-candies.jpg,,
Sub-Ohm,Bad Drip Bad Blood - Blueberry and Pomegranate.,"SUB, Bad Drip, Blueberry, Pomegranate, Vanilla, Dessert, Fruit",bad-drip-bad-blood-blueberry-and-pomegranate.jpg,,
Sub-Ohm,Bad Drip Dont Care Bear - Peach and Pear gummies.,"SUB, Bad Drip,Peach, Pear, Gummy, Candy, Fruit",bad-drip-dont-care-bear-peach-and-pear-gummies.jpg,,
Sub-Ohm,Bad Drip Drooly - Grape Berry Gobstopper.,"SUB, Bad Drip,Grape, Candy, Fruit",bad-drip-drooly-grape-berry-gobstopper.png,,
Sub-Ohm,"Bad Drip God Nectar - Passion fruit, guava, mango, and orange.","SUB, Bad Drip,Passion Fruit, Orange, Mango, Guava, Fruit",bad-drip-god-nectar-passion-fruit-guava-mango-and-orange.jpg,,
Sub-Ohm,Barista Brew Salted Caramel Macchiato,"SUB, Barista, Salted Caramel, Macchiato, Coffee, Caramel, Cream, Dessert",barista-brew-salted-caramel-macchiato.jpg,,
Sub-Ohm,Beard Vape Co. #32 - A delicious cinnamon funnel cake,"SUB,Beard, Funnel Cake, Cinnamon, Vanilla, Dessert",beard-vape-co-32-a-delicious-cinnamon-funnel-cake.jpg,,
Sub-Ohm,Beard Vape Co. Apple Cinnamon The One,"SUB,Beard, Apple, Cinnamon, Donut, Milk, Cream, Dessert",beard-vape-co-apple-cinnamon-the-one.jpg,,
Sub-Ohm,Beard Vape Co. Blueberry The One,"SUB,Beard, Blueberry, Donut, Cereal, Milk, Cream, Dessert",beard-vape-co-blueberry-the-one.jpg,,
Sub-Ohm,Beard Vape Co. Marshmellow The One,"SUB,Beard, Marshmallow, Donut, Milk, Cinnamon, Dessert",beard-vape-co-marshmellow-the-one.jpg,,
Sub-Ohm,Beard Vape Co. Strawberry The One,"SUB,Beard, Strawberry, Donut, Milk, Cereal, Dessert",beard-vape-co-strawberry-the-one.jpg,,
Sub-Ohm,Brewed Awakening Classic -  - A frappacino with a caramel blast and bold coffee finish with hazelnut and cream.,"Coffee, Caramel, Hazelnut, Cream, Dessert",brewed-awakening-classic-a-frappacino-with-a-caramel-blast-and-bold-coffee-finish-with-hazelnut-and-cream.png,,
Sub-Ohm,Candy King Batch - Sour Patch Candy.,"SUB, Candy King, Sour Patch Kids, Candy, Orange, Cherry, Lemon, Lime, Fruit",candy-king-batch-sour-patch-candy.jpg,,
Sub-Ohm,"Candy King Gush - Blueberry, raspberry, strawberry, green apple, and even orange.","SUB, Candy King, Blueberry, Raspberry, Strawberry, Apple, Green Apple, Orange, Gummy, Candy, Fruit",candy-king-gush-blueberry-raspberry-strawberry-green-apple-and-even-orange.jpg,,
Sub-Ohm,Candy King Peachy Rings - Sour peach gummy ring.,"SUB, Candy King, Peach, Gummy, Candy, Fruit",candy-king-peachy-rings-sour-peach-gummy-ring.jpg,,
Sub-Ohm,"Candy King Pink Squares - Chewy goodness blasting with flavor. Every inhale is a rush of vibrant, sweet fruity flavor.","SUB, Candy King, Strawberry, Gummy, Candy, Fruit",candy-king-pink-squares-chewy-goodness-blasting-with-flavor-every-inhale-is-a-rush-of-vibrant-sweet-fruity-flavor.jpg,,
Sub-Ohm,Candy King Strawberry Watermelon Bubblegum,"SUB, Candy King, trawberry, Watermelon, Bubblegum, Candy, Fruit",candy-king-strawberry-watermelon-bubblegum.jpg,,
Sub-Ohm,Candy King Swedish,"SUB, Candy King, Strawberry, Raspberry, Candy, Fruit, Gummy",candy-king-swedish.jpg,,
Sub-Ohm,Candy King Worms - Gummy Worms,"SUB, Candy King, Orange, Lime, Lemon, Strawberry, Cherry, Raspberry, Gummy, Candy, Fruit",candy-king-worms-gummy-worms.png,,
Sub-Ohm,Cassadega Cannoli Be Breakfast,"SUB, Cassadaga, Cannoli, Cream, Fruit Loops, Cereal, Dessert",cassadega-cannoli-be-breakfast.png,,
Sub-Ohm,Cassadega Cannoli Be Cookie,"SUB, Cassadaga, Cannoli, Cream, Oreo, Cookie, Dessert",cassadega-cannoli-be-cookie.png,,
Sub-Ohm,Cassadega Cannoli Be Graham,"SUB, Cassadaga, Cannoli, Graham, Cream, Dessert",cassadega-cannoli-be-graham.png,,
Sub-Ohm,Cassadega Cannoli Be Mine,"SUB, Cassadaga, Cannoli, Cream, Strawberry, Dessert",cassadega-cannoli-be-mine.png,,
Sub-Ohm,Cassadega Cannoli Be Nuts,"SUB, Cassadaga, Cannoli, Cream, Pistachio, Nuts, Dessert",cassadega-cannoli-be-nuts.png,,
Sub-Ohm,Cassadega Cannoli Be One,"SUB, Cassadaga, Cannoli, Cream, Vanilla, Dessert",cassadega-cannoli-be-one.png,,
Sub-Ohm,"Chubby Vapes Purp -  - Delicious, grape infused bubblegum.","Grape, Bubblegum, Candy, Fruit",chubby-vapes-purp-delicious-grape-infused-bubblegum.png,,
Sub-Ohm,Cloud Chemist Cereal Science - A nostalgic berry inhale with a sweet cereal milk exhale.,"SUB, Cloud, Chemist, Cereal, Milk, Berry, Strawberry, Blueberry, Raspberry, Dessert",cloud-chemist-cereal-science-a-nostalgic-berry-inhale-with-a-sweet-cereal-milk-exhale.jpg,,
Sub-Ohm,Cloud Chemist Claws - An apple bear claw with a gooey caramel apple filling.,"SUB, Cloud, Chemist, Caramel, Green Apple, Apple, Pastrey, Dessert",cloud-chemist-claws-an-apple-bear-claw-with-a-gooey-caramel-apple-filling.jpg,,
Sub-Ohm,Cloud Chemist Frosty Science - Sweet sugary flaky cereal with a delicious cream finish.,"SUB, Cloud, Chemist, Frosted Flakes, Cereal, Milk, Dessert",cloud-chemist-frosty-science-sweet-sugary-flaky-cereal-with-a-delicious-cream-finish.jpg,,
Sub-Ohm,Cloud Chemist Heisenberry Crunch - A blueberry cereal inhale with a sweet creamy exhale.,"SUB, Cloud, Chemist, Blueberry, Cereal, Milk, Dessert",cloud-chemist-heisenberry-crunch-a-blueberry-cereal-inhale-with-a-sweet-creamy-exhale.jpg,,
Sub-Ohm,Cloud Chemist Loopy Science - Frosted loopy cereal.,"SUB, Cloud, Chemist, Fruit Loops, Cereal, Milk, Dessert",cloud-chemist-loopy-science-frosted-loopy-cereal.jpg,,
Sub-Ohm,Cloud Chemist Pebble Science - Your favorite pebble cereal during the bedrock era.,"SUB, Cloud, Chemist, Fruity Pebbles, Cereal, Milk, Dessert",cloud-chemist-pebble-science-your-favorite-pebble-cereal-during-the-bedrock-era.jpg,,
Sub-Ohm,Cloud Chemist The Alchemist - A sweet sugar frosted cinnamon cereal inhale with a creamy exhale.,"SUB, Cloud, Chemist, Cinnamon, Sugar, Cinnamon Sugar, Cinnamon Toast Crunch, Cereal, Milk, Dessert",cloud-chemist-the-alchemist-a-sweet-sugar-frosted-cinnamon-cereal-inhale-with-a-creamy-exhale.jpg,,
Sub-Ohm,"Cloud Chemist The Final Experiment - Frosted corn cereal inhale, with a maple brown sugar drizzle and creamy finish.","SUB, Cloud, Chemist, Corn Pops, Maple, Cereal, Milk, Dessert",cloud-chemist-the-final-experiment-frosted-corn-cereal-inhale-with-a-maple-brown-sugar-drizzle-and-creamy-finish.jpg,,
Salt Nic,Cloud Chemist Graham's Law,"Graham Cracker, Cereal, Dessert",,30ml,
Sub-Ohm,Cloud Chemist Graham's Law,"SUB, Cloud, Chemist, Graham Cracker, Cereal, Dessert",cloud-chemist-grahams-law.jpg,,
Sub-Ohm,Cloud Nurdz Blue Raspberry Lemon,"SUB, Cloud, Nurdz, Blue Razz, Blue Raspberry, Lemon, Candy, Fruit",cloud-nurdz-blue-raspberry-lemon.jpg,,
Sub-Ohm,Cloud Nurdz Grape Apple,"SUB, Cloud, Nurdz, Grape, Apple, Green Apple, Candy, Fruit",cloud-nurdz-grape-apple.jpg,,
Sub-Ohm,Cloud Nurdz Grape Strawberry,"SUB, Cloud, Nurdz, Grape, Strawberry, Candy, Fruit",cloud-nurdz-grape-strawberry.jpg,,
Sub-Ohm,Cloud Nurdz Sour Watermelon Strawberry,"SUB, Cloud, Nurdz, Sour, Watermelon, Strawberry",cloud-nurdz-sour-watermelon-strawberry.jpg,,
Sub-Ohm,Cloud Nurdz Watermelon Apple,"SUB, Cloud, Nurdz, Watermelon, Apple, Green Apple, Fruit, Candy",cloud-nurdz-watermelon-apple.jpg,,
Sub-Ohm,Cloud Nurdz Watermelon Berry,"SUB, Cloud, Nurdz, Watermelon, Berry, Strawberry, Fruit, Candy",cloud-nurdz-watermelon-berry.jpg,,
Sub-Ohm,Country Clouds Blueberry Corn Bread Puddin',"Cornbread, Brown Sugar, Maple, Vanilla, Pudding, Dessert, Blueberry",country-clouds-blueberry-corn-bread-puddin.jpg,,
Sub-Ohm,Country Clouds Corn Bread Puddin',"Cornbread, Brown Sugar, Maple, Vanilla, Pudding, Dessert",country-clouds-corn-bread-puddin.jpg,,
Sub-Ohm,Cuttwood Bird Brains - A blend of fruity cereals with a hint of milk.,"SUB, Cuttwood, Fruit Loops, Cereal, Milk, Dessert",cuttwood-bird-brains-a-blend-of-fruity-cereals-with-a-hint-of-milk.png,,
Sub-Ohm,"Cuttwood Boss Reserve - Honey graham cracker cereal, toasted nuts, sliced banana and creamy milk.","SUB, Cuttwood, Graham, Milk, Banana, Dessert",cuttwood-boss-reserve-honey-graham-cracker-cereal-toasted-nuts-sliced-banana-and-creamy-milk.jpg,,
Sub-Ohm,"Cuttwood Mega Melons - Mango, cantaloupe, and papaya.","SUB, Cuttwood, Melons, Cantaloupe, Papaya, Pineapple, Fruit",cuttwood-mega-melons-mango-cantaloupe-and-papaya.jpg,,
Sub-Ohm,Cuttwood Sugar Drizzle - Sugary cinnamon paired with a smooth creamy body.,"SUB, Cuttwood, Cinnamon, Sugar, Cinnamon Sugar, Cereal, Milk, Dessert",cuttwood-sugar-drizzle-sugary-cinnamon-paired-with-a-smooth-creamy-body.jpg,,
Sub-Ohm,Cuttwood Tobacco Trail - Mild tobacco with a hint of honey.,"SUB, Cuttwood, Tobacco, Honey",cuttwood-tobacco-trail-mild-tobacco-with-a-hint-of-honey.png,,
Sub-Ohm,Cuttwood Unicorn Milk - A perfect blend of strawberry and four unique creams.,"SUB, Cuttwood, Milk, Strawberry, Dessert",cuttwood-unicorn-milk-a-perfect-blend-of-strawberry-and-four-unique-creams.jpg,,
Sub-Ohm,Dinner Lady Lemon Tart,"Lemon, Pastrey, Dessert, Custard",dinner-lady-lemon-tart.jpg,,
Sub-Ohm,Free Noms Caramel Butterscotch Classic,"Caramel, Butterscotch, Vanilla, Cream, Dessert",free-noms-caramel-butterscotch-classic.jpg,,
Sub-Ohm,Fruitia Apple Kiwi,"Apple, Kiwi, Fuit",fruitia-apple-kiwi.jpg,,
Sub-Ohm,Fruitia Banana Ice,"Banana, Fruit, Ice, Menthol",fruitia-banana-ice.jpg,,
Sub-Ohm,Fruitia Blood Orange Cactus,"Blood Orange, Orange, Cactus, Fruit, Tangerine",fruitia-blood-orange-cactus.jpg,,
Sub-Ohm,Fruitia Jus Apple Bourbon Tobacco,"Apple, Bourbon, Tobacco",fruitia-jus-apple-bourbon-tobacco.jpg,,
Sub-Ohm,Fruitia Jus Blue Raspberry Cotton Candy,"Blue Razz, Blue Raspberry, Cotton Candy, Candy, Fruit",fruitia-jus-blue-raspberry-cotton-candy.jpg,,
Sub-Ohm,Fruitia Jus Rainbow Ice,"Fruit, Strawberry, Lime, Grape, Lemon, Orange, Skittles, Candy, Ice, Menthol",fruitia-jus-rainbow-ice.jpg,,
Sub-Ohm,Fruitia Jus White Grape Ice,"White Grape, Grape, Fruit, Ice, Menthol",fruitia-jus-white-grape-ice.jpg,,
Sub-Ohm,Fruitia Passion Fruit Guava,"Passionfruit, Guava, Papaya, Fruit, Tropical",fruitia-passion-fruit-guava.jpg,,
Sub-Ohm,Fruitia Pineapple Citrus,"Pineapple, Citrus, Mango, Fruit",fruitia-pineapple-citrus.jpg,,
Sub-Ohm,Fruitia Strawberry Coconut,"Strawberry, Coconut, Fruit",fruitia-strawberry-coconut.jpg,,
Sub-Ohm,Fruitia Sweet Peach,"Peach, Sweet, Strawberry, Fruit",fruitia-sweet-peach.jpg,,
Salt Nic,Fruitia Blue Razz Cotton Candy,"Blue Raspberry, Cotton Candy, Fruit, Candy",fruitia-blue-razz-cotton-candy.jpg,30ml,
Sub-Ohm,Fruitia Blue Razz Cotton Candy,"Blue Raspberry, Cotton Candy, Fruit, Candy",fruitia-blue-razz-cotton-candy.jpg,,
Sub-Ohm,Glas Basix Banana Cream Pie,"Banana, Cream, Vanilla, Pie Crust, Graham, Dessert",glas-basix-banana-cream-pie.jpg,,
Sub-Ohm,Glas Basix Blue Razz,"Blue Raspberry, Fruit, Blue Razz, Candy, Blueberry, Raspberry",glas-basix-blue-razz.jpg,,
Sub-Ohm,Glas Basix Blueberry Cake,"Blueberry, Cake, Sweet, Dessert, Vanilla, Frosting",glas-basix-blueberry-cake.jpg,,
Sub-Ohm,Glas Basix Butterscotch Reserve,"Butterscotch, Sweet, Caramel, Tobacco, Dessert",glas-basix-butterscotch-reserve.jpg,,
Sub-Ohm,Glas Basix Caribbean Punch,"Pineapple, Apple, Peach, Strawberry, Fruit, Apricot",glas-basix-caribbean-punch.jpg,,
Sub-Ohm,Glas Basix Cool Melon,"Melon, Cantaloupe, Cucumber, Ice, Menthol",glas-basix-cool-melon.jpg,,
Sub-Ohm,Glas Basix Fizzy Lemonade,"Lemonade, Lemon, Lime, Pineapple, Ice, Menthol",glas-basix-fizzy-lemonade.jpg,,
Sub-Ohm,Glas Basix Strawberry Blast,"Strawberry, Gummy, Candy, Berry, Fruit",glas-basix-strawberry-blast.jpg,,
Sub-Ohm,Gost Vapor The Pancake House Banana Nuts,"Banana, Walnut, Pancake, Maple, Dessert",gost-vapor-the-pancake-house-banana-nuts.jpg,,
Sub-Ohm,Gost Vapor The Pancake House Blueberry,"Blueberry, Pancake, Maple, Dessert",gost-vapor-the-pancake-house-blueberry.jpg,,
Sub-Ohm,Gost Vapor The Pancake House Caramelized Apple,"Pancake, Caramel, Apple, Green Apple, Maple, Dessert",gost-vapor-the-pancake-house-caramelized-apple.jpg,,
Sub-Ohm,Gost Vapor The Pancake House Golden Maple,"Pancake, Maple, Butter, Dessert",gost-vapor-the-pancake-house-golden-maple.jpg,,
Sub-Ohm,Gost Vapor The Pancake House Strawberry,"Strawberry, Pancake, Maple, Dessert",gost-vapor-the-pancake-house-strawberry.jpg,,
Sub-Ohm,"Halo Fusion - an unflavored tobacco vape juice with a clean, pure taste, providing nicotine since 2011.","Unflavored, Flavorless",halo-fusion-an-unflavored-tobacco-vape-juice-with-a-clean-pure-taste-providing-nicotine-since-2011.jpg,,
Sub-Ohm,Halo Kringle's Curse - Peppermint,"Peppermint, mint, ice, menthol",halo-kringle-s-curse-peppermint.png,,
Sub-Ohm,"Halo Sub Zero - An intense, cool menthol effect with superior vapor production and a glacier-fresh finish.","Menthol, Ice",halo-sub-zero-an-intense-cool-menthol-effect-with-superior-vapor-production-and-a-glacier-fresh-finish.png,,
Sub-Ohm,"Halo Tribeca - Rich and smooth tobacco flavor, bold top notes and a decadent, velvety finish.","Tobacco, Vanilla, Caramel",halo-tribeca-rich-and-smooth-tobacco-flavor-bold-top-notes-and-a-decadent-velvety-finish.jpg,,
Sub-Ohm,Innevape Heisenberg Menthol,"Blue Raspberry, Fruit, Blue Razz, Candy, Ice, Menthol",innevape-heisenberg-menthol.jpg,,
Sub-Ohm,Juice Head F Blue Lemon FREEZE,"Blueberry, Lemon, Ice, Menthol, Fruit",juice-head-f-blue-lemon-freeze.jpg,,
Sub-Ohm,Juice Head F Guava Peach FREEZE,"Guava, Peach, Ice, Menthol, Fruit",juice-head-f-guava-peach-freeze.jpg,,
Sub-Ohm,Juice Head F Mango Strawberry FREEZE,"Mango, Strawberry, Ice, Menthol, Fruit",juice-head-f-mango-strawberry-freeze.jpg,,
Sub-Ohm,Juice Head F Orange Mango FREEZE,"Orange, Mango, Ice, Menthol, Fruit",juice-head-f-orange-mango-freeze.jpg,,
Sub-Ohm,Juice Head F Peach Pear FREEZE,"Peach, Pear, Ice, Menthol, Fruit",juice-head-f-peach-pear-freeze.jpg,,
Sub-Ohm,Juice Head F Peach Pear FREEZE 06mgPPF6,"Peach, Pear, Ice, Menthol, Fruit",juice-head-f-peach-pear-freeze-06mgppf6.jpg,,
Sub-Ohm,Juice Head F Pineapple GrapeFruit FREEZE,"Pineapple, Grapefruit, Ice, Menthol, Fruit",juice-head-f-pineapple-grapefruit-freeze.jpg,,
Sub-Ohm,Juice Head F Pineapple Guava FREEZE,"Pineapple, Guava, Ice, Menthol, Fruit",juice-head-f-pineapple-guava-freeze.jpg,,
Sub-Ohm,Juice Head F Strawberry Kiwi FREEZE,"Strawberry, Kiwi, Ice, Menthol, Fruit",juice-head-f-strawberry-kiwi-freeze.jpg,,
Sub-Ohm,Juice Head F Watermelon Lime FREEZE,"Watermelon, Lime, Ice, Menthol, Fruit",juice-head-f-watermelon-lime-freeze.jpg,,
Sub-Ohm,Juice Head Freeze Raspberry Lemonade,"Raspberry, Lemonade, Lemon, Ice, Menthol, Fruit",juice-head-freeze-raspberry-lemonade.jpg,,
Sub-Ohm,Juice Head R Blue Lemon,"Blueberry, Lemon, Fruit",juice-head-r-blue-lemon.jpg,,
Sub-Ohm,Juice Head R Guava Peach,"Guava, Peach, Fruit",juice-head-r-guava-peach.jpg,,
Sub-Ohm,Juice Head R Mango Strawberry,"Mango, Strawberry, Fruit",juice-head-r-mango-strawberry.jpg,,
Sub-Ohm,Juice Head R Orange Mango,"Orange, Mango, Fruit",juice-head-r-orange-mango.jpg,,
Sub-Ohm,Juice Head R Peach Pear,"Peach, Pear, Fruit",juice-head-r-peach-pear.jpg,,
Sub-Ohm,Juice Head R Pineapple GrapeFruit,"Pineapple, Grapefruit, Fruit",juice-head-r-pineapple-grapefruit.jpg,,
Sub-Ohm,Juice Head R Pineapple Guava,"Pineapple, Guava, Fruit",juice-head-r-pineapple-guava.jpg,,
Sub-Ohm,Juice Head R Strawberry Kiwi,"Strawberry, Kiwi, Fruit",juice-head-r-strawberry-kiwi.jpg,,
Sub-Ohm,Juice Head R Watermelon Lime,"Watermelon, Lime, Fruit",juice-head-r-watermelon-lime.jpg,,
Sub-Ohm,Juice Head Raspberry Lemonade,"Raspberry, Lemonade, Lemon, Fruit",juice-head-raspberry-lemonade.jpg,,
Sub-Ohm,"Kaleidoscopic Looking Glass - A mouthwatering medley which magnifies sweet watermelon, ripe kiwi and strawberries.","Strawberry, Kiwi, Watermelon, Candy, Fruit",kaleidoscopic-looking-glass-a-mouthwatering-medley-which-magnifies-sweet-watermelon-ripe-kiwi-and-strawberries.jpg,,
Sub-Ohm,"Kaleidoscopic Optical Illusion - A full spectrum of colorful flavors, swirling with sweet mango and melon.","Mango, Melon, Fruit, Candy",kaleidoscopic-optical-illusion-a-full-spectrum-of-colorful-flavors-swirling-with-sweet-mango-and-melon.jpg,,
Sub-Ohm,Kaleidoscopic Ruby's Eyes - A mouthwatering pomegranate and candied raspberry.,"Raspberry, Pomagranate, Candy, Fruit",kaleidoscopic-ruby-s-eyes-a-mouthwatering-pomegranate-and-candied-raspberry.jpg,,
Sub-Ohm,Kaleidoscopic Sunset - A tropical blend of raspberry & orange.,"Raspberry, Orange, Fruit",kaleidoscopic-sunset-a-tropical-blend-of-raspberry-orange.jpg,,
Sub-Ohm,Keep It 100 Berry Au Lait - A Combination Of Fresh Cream And perfectly Ripe Strawberries.,"Strawberry, Cream, Milk, Dessert",keep-it-100-berry-au-lait-a-combination-of-fresh-cream-and-perfectly-ripe-strawberries.jpg,,
Sub-Ohm,Keep It 100 Maui Blast,"Guava, Passionfruit, Lychee, Fruit, Tropical",keep-it-100-maui-blast.jpg,,
Sub-Ohm,Keep It 100 OG Blue - A Classic Blue Razz Slushie!,"Blue Raspberry, Fruit, Blue Razz, Candy, Strawberry",keep-it-100-og-blue-a-classic-blue-razz-slushie.jpg,,
Sub-Ohm,"Keep It 100 OG Blue Ice - Your Favorite Blue Razz Slushie, Complete With The Icy Finish.","Blue Raspberry, Fruit, Blue Razz, Candy, Strawberry, Ice, Menthol",keep-it-100-og-blue-ice-your-favorite-blue-razz-slushie-complete-with-the-icy-finish.jpg,,
Sub-Ohm,Keep It 100 OG Nana Foster,"Banana, Cinnamon, Sugar, Cinnamon Sugar, Vanilla, Dessert",keep-it-100-og-nana-foster.jpg,,
Sub-Ohm,Keep It 100 OG Pink - A combination of juicy strawberry and lip smacking taffy with a cool exhale.,"Strawberry, Fruit, Candy",keep-it-100-og-pink-a-combination-of-juicy-strawberry-and-lip-smacking-taffy-with-a-cool-exhale.jpg,,
Sub-Ohm,Keep It 100 OG Summer Blue - Sweet And Tart Lemonade Elevates Our Famous Blue Razz To Summertime.,"Blue Raspberry, Fruit, Blue Razz, Candy, Raspberry, Strawberry, Lemon, Lemonade",keep-it-100-og-summer-blue-sweet-and-tart-lemonade-elevates-our-famous-blue-razz-to-summertime.png,,
Sub-Ohm,Keep It 100 OG Tropical Blue - Blue Raspberry Slushie Blended with an Assortment of Tropical Flavors.,"Blue Raspberry, Fruit, Blue Razz, Candy, Strawberry, Guava, Pineapple, Peach",keep-it-100-og-tropical-blue-blue-raspberry-slushie-blended-with-an-assortment-of-tropical-flavors.jpg,,
Sub-Ohm,Khali Devil's Punchbowl - Guava with a soft hint of Peach.,"Guava, Peach, Fruit, Fruit Punch, Hawaiian Punch",khali-devil-s-punchbowl-guava-with-a-soft-hint-of-peach.jpg,,
Sub-Ohm,Khali Devil's Punchbowl ICE - Guava with a soft hint of Peach and a touch of Ice.,"Guava, Peach, Fruit, Fruit Punch, Hawaiian Punch, Ice, Menthol",khali-devil-s-punchbowl-ice-guava-with-a-soft-hint-of-peach-and-a-touch-of-ice.jpg,,
Sub-Ohm,MET4 Fair Grounds - Deep Fried Cream Cake.,"Deep Fried Twinkie, Twinkie, Cream Cake, Dessert, Vanilla",met4-fair-grounds-deep-fried-cream-cake.jpg,,
Sub-Ohm,MET4 Golden Ticket - A rich and creamy chocolate milk flavor.,"Chocolate, Milk, Chocolate Milk, Dessert",met4-golden-ticket-a-rich-and-creamy-chocolate-milk-flavor.jpg,,
Sub-Ohm,ML Custard Monster Banana,"Banana, Custard, Cream, Dessert, Sweet",ml-custard-monster-banana.jpg,,0mg / 3mg / 6mg
Sub-Ohm,ML Custard Monster Blackberry,"Sweet, Blackberry, Custard, Cream, Dessert",ml-custard-monster-blackberry.jpg,,0mg / 3mg / 6mg
Sub-Ohm,ML Custard Monster Blueberry,"Blueberry, Sweet, Custard, Cream, Dessert",ml-custard-monster-blueberry.jpg,,0mg / 3mg / 6mg
Sub-Ohm,ML Custard Monster Butterscotch,"Butterscotch, Custard, Sweet, Cream, Dessert",ml-custard-monster-butterscotch.jpg,,0mg / 3mg / 6mg
Sub-Ohm,ML Custard Monster Gingerbread,"Gingerbread, Custard, Sweet, Cream, Dessert",ml-custard-monster-gingerbread.jpg,,0mg / 3mg / 6mg
Sub-Ohm,ML Custard Monster Mixed Berry,"Sweet, Mixed Berry, Strawberry, Blackberry, Blueberry, Cream, Dessert, Custard, Raspberry",ml-custard-monster-mixed-berry.jpg,,0mg / 3mg / 6mg
Sub-Ohm,ML Custard Monster Strawberry,"Strawberry, Sweet, Custard, Cream, Dessert",ml-custard-monster-strawberry.jpg,,0mg / 3mg / 6mg
Sub-Ohm,ML Custard Monster Vanilla,"Vanilla, Sweet, Custard, Cream, Dessert",ml-custard-monster-vanilla.jpg,,0mg / 3mg / 6mg
Salt Nic,ML Custard Monster Blueberry Vanilla,"Blueberry, Vanilla, Custard, Cream, Dessert",ml-custard-monster-blueberry-vanilla.jpg,30ml,24mg / 48mg
Salt Nic,ML Custard Monster Creamsicle,"Orange, Cream, Vanilla, Custard, Dessert",ml-custard-monster-creamsicle.jpg,30ml,24mg / 48mg
Salt Nic,ML Custard Monster Strawberry Vanilla,"Strawberry, Vanilla, Custard, Cream, Dessert",ml-custard-monster-strawberry-vanilla.jpg,30ml,24mg / 48mg
Sub-Ohm,ML Custard Monster Blueberry Vanilla,"Blueberry, Vanilla, Custard, Cream, Dessert",ml-custard-monster-blueberry-vanilla.jpg,,0mg / 3mg / 6mg
Sub-Ohm,ML Custard Monster Creamsicle,"Orange, Cream, Vanilla, Custard, Dessert",ml-custard-monster-creamsicle.jpg,,0mg / 3mg / 6mg
Sub-Ohm,ML Custard Monster Strawberry Vanilla,"Strawberry, Vanilla, Custard, Cream, Dessert",ml-custard-monster-strawberry-vanilla.jpg,,0mg / 3mg / 6mg
Sub-Ohm,ML Frozen Fruit Monster Banana Ice,"Banana, Ice, Menthol, Fruit",ml-frozen-fruit-monster-banana-ice.jpg,,0mg / 3mg / 6mg
Sub-Ohm,ML Frozen Fruit Monster Black Cherry Ice,"Cherry, Ice, Menthol, Fruit",ml-frozen-fruit-monster-black-cherry-ice.jpg,,0mg / 3mg / 6mg
Sub-Ohm,ML Frozen Fruit Monster Blueberry Raspberry Lemon Ice,"Blueberry, Raspberry, Lemon, Ice, Menthol, Fruit",ml-frozen-fruit-monster-blueberry-raspberry-lemon-ice.jpg,,0mg / 3mg / 6mg
Sub-Ohm,ML Frozen Fruit Monster Double Mango Ice,"Mango, Ice, Menthol, Fruit",ml-frozen-fruit-monster-double-mango-ice.jpg,,0mg / 3mg / 6mg
Sub-Ohm,ML Frozen Fruit Monster Mango Peach Guava Ice,"Mango, Peach, Guava, Ice, Menthol, Fruit",ml-frozen-fruit-monster-mango-peach-guava-ice.jpg,,0mg / 3mg / 6mg
Sub-Ohm,ML Frozen Fruit Monster Mixed Berry Ice,"Berry, Fruit, Mixed Berry, Strawberry, Blackberry, Blueberry, Raspberry, Ice, Menthol",ml-frozen-fruit-monster-mixed-berry-ice.jpg,,0mg / 3mg / 6mg
Sub-Ohm,ML Frozen Fruit Monster Passionfruit Orange Guava Ice,"Passionfruit, Orange, Guava, Ice, Menthol, Fruit",ml-frozen-fruit-monster-passionfruit-orange-guava-ice.jpg,,0mg / 3mg / 6mg
Sub-Ohm,ML Frozen Fruit Monster Strawberry Banana Ice,"Strawberry, Banana, Ice, Menthol, Fruit",ml-frozen-fruit-monster-strawberry-banana-ice.jpg,,0mg / 3mg / 6mg
Sub-Ohm,ML Frozen Fruit Monster Strawberry Kiwi Pomegranate Ice,"Strawberry, Kiwi, Pomegranate, Ice, Menthol, Fruit",ml-frozen-fruit-monster-strawberry-kiwi-pomegranate-ice.jpg,,0mg / 3mg / 6mg
Sub-Ohm,ML Frozen Fruit Monster Strawberry Lime Ice,"Strawberry, Lime, Ice, Menthol, Fruit",ml-frozen-fruit-monster-strawberry-lime-ice.jpg,,0mg / 3mg / 6mg
Sub-Ohm,ML Fruit Monster Black Cherry,"Cherry, Fruit",ml-fruit-monster-black-cherry.jpg,,0mg / 3mg / 6mg
Sub-Ohm,ML Fruit Monster Blueberry Raspberry Lemon,"Blueberry, Raspberry, Lemon, Fruit",ml-fruit-monster-blueberry-raspberry-lemon.jpg,,0mg / 3mg / 6mg
Sub-Ohm,ML Fruit Monster Mango Peach Guava,"Mango, Peach, Guava, Fruit",ml-fruit-monster-mango-peach-guava.jpg,,0mg / 3mg / 6mg
Sub-Ohm,ML Fruit Monster Mixed Berry,"Raspberry, Blueberry, Strawberry, Blackberry, Fruit",ml-fruit-monster-mixed-berry.jpg,,0mg / 3mg / 6mg
Sub-Ohm,ML Fruit Monster Passionfruit Orange Guava,"Passionfruit, Orange, Guava, Fruit",ml-fruit-monster-passionfruit-orange-guava.jpg,,0mg / 3mg / 6mg
Sub-Ohm,ML Fruit Monster Strawberry Banana,"Strawberry, Banana, Fruit",ml-fruit-monster-strawberry-banana.jpg,,0mg / 3mg / 6mg
Sub-Ohm,ML Fruit Monster Strawberry Kiwi Pomegranate,"Strawberry, Kiwi, Pomegranate, Fruit",ml-fruit-monster-strawberry-kiwi-pomegranate.jpg,,0mg / 3mg / 6mg
Sub-Ohm,ML Fruit Monster Strawberry Lime,"Strawberry, Lime, Fruit",ml-fruit-monster-strawberry-lime.jpg,,0mg / 3mg / 6mg
Sub-Ohm,ML Jam Monster Banana,"Banana, Jam, Butter, Toast, Dessert",ml-jam-monster-banana.jpg,,0mg / 3mg / 6mg
Sub-Ohm,ML Jam Monster Black Cherry,"Cherry, Jam, Butter, Toast, Dessert",ml-jam-monster-black-cherry.png,,0mg / 3mg / 6mg
Sub-Ohm,ML Jam Monster Blackberry,"Blackberry, Jam, Butter, Toast, Dessert",ml-jam-monster-blackberry.jpg,,0mg / 3mg / 6mg
Sub-Ohm,ML Jam Monster Blueberry,"Blueberry, Jam, Butter, Toast, Dessert",ml-jam-monster-blueberry.jpg,,0mg / 3mg / 6mg
Sub-Ohm,ML Jam Monster Grape,"Grape, Jam, Butter, Toast, Dessert",ml-jam-monster-grape.jpg,,0mg / 3mg / 6mg
Sub-Ohm,ML Jam Monster Mixed Berry,"Strawberry, Blackberry, Blueberry, Raspberry, Mixed Berry, Jam, Butter, Toast, Dessert",ml-jam-monster-mixed-berry.jpg,,0mg / 3mg / 6mg
Sub-Ohm,ML Jam Monster PB & Banana,"Peanut, Banana, Peanut Butter, Jam, Dessert",ml-jam-monster-pb-banana.jpg,,0mg / 3mg / 6mg
Sub-Ohm,ML Jam Monster PB & Grape,"Peanut, Grape, Peanut Butter, Jam, Dessert",ml-jam-monster-pb-grape.jpg,,0mg / 3mg / 6mg
Sub-Ohm,ML Jam Monster PB & Strawberry,"Peanut, Strawberry, Jam, Peanut Butter, Dessert",ml-jam-monster-pb-strawberry.jpg,,0mg / 3mg / 6mg
Sub-Ohm,ML Jam Monster Peach,"Peach, Jam, Butter, Toast, Dessert",ml-jam-monster-peach.jpg,,0mg / 3mg / 6mg
Sub-Ohm,ML Jam Monster Raspberry,"Raspberry, Jam, Butter, Toast, Dessert",ml-jam-monster-raspberry.jpg,,0mg / 3mg / 6mg
Sub-Ohm,ML Jam Monster Strawberry,"Strawberry, Jam, Butter, Toast, Dessert",ml-jam-monster-strawberry.jpg,,0mg / 3mg / 6mg
Sub-Ohm,ML Lemonade Monster Blueberry Lemonade,"Lemonade, Blueberry, Lemon, Fruit",ml-lemonade-monster-blueberry-lemonade.jpg,,
Sub-Ohm,ML Lemonade Monster Mango Lemonade,"Mango, Lemon, Lemonade, Fruit",ml-lemonade-monster-mango-lemonade.jpg,,
Sub-Ohm,ML Lemonade Monster Mint Lemonade,"Mint, Lemon, Lemonade, Spearmint, Ice",ml-lemonade-monster-mint-lemonade.jpg,,
Sub-Ohm,ML Lemonade Monster Pink Lemonade,"Lemonade, Lemon, Citrus, Fruit",ml-lemonade-monster-pink-lemonade.jpg,,
Sub-Ohm,ML Lemonade Monster Strawberry Lemonade,"Lemonade, Strawberry, Lemon, Fruit",ml-lemonade-monster-strawberry-lemonade.jpg,,
Sub-Ohm,ML Lemonade Monster Watermelon Lemonade,"Watermelon, Lemon, Lemonade, Fruit",ml-lemonade-monster-watermelon-lemonade.jpg,,
Sub-Ohm,Lemon Monster Blueberry Lemonade,"Blueberry, Lemon, Lemonade, Fruit",lemon-monster-blueberry-lemonade.jpg,,
Sub-Ohm,Lemon Monster Pink Lemonade,"Lemonade, Lemon, Citrus, Fruit",lemon-monster-pink-lemonade.jpg,,
Sub-Ohm,Lemon Monster Strawberry Lemonade,"Lemonade, Strawberry, Lemon, Fruit",lemon-monster-strawberry-lemonade.jpg,,
Sub-Ohm,Lemon Monster Watermelon Lemonade,"Watermelon, Lemon, Lemonade, Fruit",lemon-monster-watermelon-lemonade.jpg,,
Sub-Ohm,ML The Milk Berry Crunch,"Milk, Berry, Strawberry, Blueberry, Raspberry, Cream, Dessert, Cereal",ml-the-milk-berry-crunch.jpg,,0mg / 3mg / 6mg
Sub-Ohm,ML The Milk Cinnamon,"Milk, Cinnamon, Cream, Dessert, Cereal",ml-the-milk-cinnamon.jpg,,0mg / 3mg / 6mg
Sub-Ohm,ML The Milk Fruity,"Fruity Pebbles, Cereal, Milk, Cream, Dessert",ml-the-milk-fruity.jpg,,0mg / 3mg / 6mg
Sub-Ohm,ML The Milk Jax,"Milk, Apple, Cinnamon, Cream, Dessert, Cereal",ml-the-milk-jax.jpg,,0mg / 3mg / 6mg
Sub-Ohm,ML Tobacco Monster Bold - Tobacco with hints of vanilla and hazelnut.,"Tobacco, Hazelnut, Vanilla",ml-tobacco-monster-bold-tobacco-with-hints-of-vanilla-and-hazelnut.jpg,,0mg / 3mg / 6mg
Sub-Ohm,ML Tobacco Monster Rich - Tobacco with hints of vanilla and caramel.,"Tobacco, , Vanilla",ml-tobacco-monster-rich-tobacco-with-hints-of-vanilla-and-caramel.jpg,,0mg / 3mg / 6mg
Sub-Ohm,ML Tobacco Monster Smooth - Tobacco with hints of Spanish Cream.,"Tobacco, Sweet, Cream",ml-tobacco-monster-smooth-tobacco-with-hints-of-spanish-cream.jpg,,0mg / 3mg / 6mg
Sub-Ohm,ML The Milk Strawberry,"Strawberry, Cream, Milk, Dessert",ml-the-milk-strawberry.jpg,,0mg / 3mg / 6mg
Sub-Ohm,MRKT PLCE Blood Orange Tangoberry,"Blood Orange, Tangerine, Orange, Grapefruit, Blueberry, Fruit",mrkt-plce-blood-orange-tangoberry.jpg,,
Sub-Ohm,MRKT PLCE Fuji Pear Mangoberry,"Pear, Mango, Apple, Raspberry, Fruit",mrkt-plce-fuji-pear-mangoberry.jpg,,
Sub-Ohm,MRKT PLCE Forbidden Berry,"Berry, Strawberry, Raspberry, Blackberry",mrkt-plce-forbidden-berry.jpg,,
Sub-Ohm,MRKT PLCE Pineapple Peach Dragonberry,"Pineapple, Peach, Dragonberry, Berry",mrkt-plce-pineapple-peach-dragonberry.jpg,,
Sub-Ohm,MRKT PLCE Watermelon Hula Berry Lime,"Sour, Watermelon, Lime",mrkt-plce-watermelon-hula-berry-lime.jpg,,
Sub-Ohm,Naked 100 American Patriot,Tobacco,naked-100-american-patriot.png,,
Sub-Ohm,Naked 100 Berry Menthol,"Berry, Blueberry, Blackberry, Raspberry, Menthol, Ice, Fruit",naked-100-berry-menthol.jpg,,
Sub-Ohm,Naked 100 Crisp Menthol,"Mint, Ice, Menthol",naked-100-crisp-menthol.jpg,,
Sub-Ohm,Naked 100 Hawaiian Pog,"Passionfruit, Orange, Guava, Fruit, Tropical",naked-100-hawaiian-pog.png,,
Sub-Ohm,Naked 100 Lava Flow,"Strawberry, Coconut, Pineapple, Pina Colada, Fruit",naked-100-lava-flow.png,,
Sub-Ohm,Naked 100 Lava Flow Ice,"Strawberry, Coconut, Pineapple, Pina Colada, Fruit, Ice, Menthol",naked-100-lava-flow-ice.png,,
Sub-Ohm,Naked 100 Melon Menthol,"Melon, Menthol, Pineapple, Honeydew, Cantaloupe, Ice, Fruit",naked-100-melon-menthol.jpg,,
Sub-Ohm,Naked 100 Really Berry,"Blueberry, Blackberry, Lemon, Fruit",naked-100-really-berry.png,,
Sub-Ohm,Naked 100 Strawberry Pom Menthol,"Strawberry, Kiwi, Pomegranate, Ice, Menthol, Fruit",naked-100-strawberry-pom-menthol.jpg,,
Sub-Ohm,Nomenon Arctic Wintergreen Freeze,"Wintergreen, Ice, Menthol",nomenon-arctic-wintergreen-freeze.jpg,,
Sub-Ohm,Nomenon Caramel Butterscotch Classic,"Caramel, Butterscotch, Vanilla, Cream, Dessert",nomenon-caramel-butterscotch-classic.jpg,,
Sub-Ohm,Nomenon Dragon Fruit Strawberry Cream,"Dragon Fruit, Strawberry, Cream, Dessert",nomenon-dragon-fruit-strawberry-cream.jpg,,
Sub-Ohm,Nomenon Free Noms Green Apple Strawberry Peach Ice,"Apple, Strawberry, Peach, Ice, Menthol, Fruit",nomenon-free-noms-green-apple-strawberry-peach-ice.jpg,,
Sub-Ohm,Nomenon Grapenomenon,"Grape, Fruit, Candy",nomenon-grapenomenon.jpg,,
Sub-Ohm,Nomenon Lemonomenon,"Lemon, Candy, Fruit",nomenon-lemonomenon.jpg,,
Sub-Ohm,Nomenon Lychee Cherry Blossom Raspberry,"Lychee, Cherry Blossom, Raspberry, Fruit",nomenon-lychee-cherry-blossom-raspberry.jpg,,
Sub-Ohm,Nomenon Pear Green Apple Peach,"Pear, Apple, Green Apple, Peach, Fruit",nomenon-pear-green-apple-peach.jpg,,
Sub-Ohm,Nomenon Phenomenon,"Mystery, Fruit, Tropical",nomenon-phenomenon.jpg,,
Sub-Ohm,Nomenon Pineapple Coconut Spiced Rum,"Pineapple, Coconut, Rum, Pina Colada, Fruit",nomenon-pineapple-coconut-spiced-rum.jpg,,
Sub-Ohm,Nomenon Tobacco Caramel Vanilla,"Tobacco, Caramel, Vanilla",nomenon-tobacco-caramel-vanilla.jpg,,
Sub-Ohm,Nomenon Watanomenon,"Watermelon, Candy, Fruit",nomenon-watanomenon.jpg,,
Sub-Ohm,Nomenon Watanomenon ICE,"Watermelon, Candy, Fruit, Ice, Menthol, Lush Ice",nomenon-watanomenon-ice.jpg,,
Sub-Ohm,Noms 100 Nom Pop - Cherry Lime Blue Raspberry Popsicle.,"Cherry, Blue Raspberry, Blue Razz, Lime, Fruit, Candy",noms-100-nom-pop-cherry-lime-blue-raspberry-popsicle.jpg,,
Sub-Ohm,Noms 100 Tropical Gummy,"Mango, Peach, Pineapple, Gummy, Fruit, Candy",noms-100-tropical-gummy.jpg,,
Sub-Ohm,Noms 100 Black Cherry Sour Apple - Blend of rich cherry notes and a tart apple finish.,"Cherry, Apple, Tart",noms-100-black-cherry-sour-apple-blend-of-rich-cherry-notes-and-a-tart-apple-finish.png,,
Sub-Ohm,Noms 100 Blue Razz Shark - The zesty tang of ripe blueberries meets the sweet shock of wild cherries.,"Blueberry, Cherry, Candy",noms-100-blue-razz-shark-the-zesty-tang-of-ripe-blueberries-meets-the-sweet-shock-of-wild-cherries.jpg,,
Sub-Ohm,"Noms 100 Pixie Dip - A fruit punch powdered sugar candy,  paired with a fun, dippable candy stick.","Fruit, Strawberry, Candy",noms-100-pixie-dip-a-fruit-punch-powdered-sugar-candy-paired-with-a-fun-dippable-candy-stick.jpg,,
Sub-Ohm,Noms 100 Strawberry Cream - Blends of sweet strawberries with velvety smoothness.,"Strawberry, Cream, Milk, Dessert",noms-100-strawberry-cream-blends-of-sweet-strawberries-with-velvety-smoothness.jpg,,
Sub-Ohm,"Noms 100 Vanilla Toffee - Rich, buttery, and sweet, with smooth vanilla and deep caramel notes.","Rich, Butter, Sweet, Vanilla, Caramel",noms-100-vanilla-toffee-rich-buttery-and-sweet-with-smooth-vanilla-and-deep-caramel-notes.jpg,,
Sub-Ohm,Noms Blunomenom,"Blue Raspberry, Blue Razz, Fruit, Candy",noms-blunomenom.jpg,,
Sub-Ohm,Noms X2 Blueberry Papaya Strawberry,"Blueberry, Papaya, Strawberry, Fruit",noms-x2-blueberry-papaya-strawberry.jpg,,
Sub-Ohm,Noms X2 Cactus Jackfruit Mandarin,"Cactus, Jackfruit, Mandarin, Fruit",noms-x2-cactus-jackfruit-mandarin.jpg,,
Sub-Ohm,Noms X2 Cherry Lime Ginger,"Cherry, Lime, Ginger, Fruit",noms-x2-cherry-lime-ginger.png,,
Sub-Ohm,Noms X2 Kiwi Passionfruit Nectarine,"Kiwi, Passionfruit, Nectarine, Fruit",noms-x2-kiwi-passionfruit-nectarine.jpg,,
Sub-Ohm,Noms X2 White Peach Raspberry,"Peach, Raspberry, Fruit",noms-x2-white-peach-raspberry.jpg,,
Sub-Ohm,Pachamama Fuji Apple Strawberry,"Apple, Strawberry, Nectarine, Fruit",pachamama-fuji-apple-strawberry.jpg,,
Sub-Ohm,Pachamama Mint Leaf,"Mint, Spearmint, Honeydew, Berry, Strawberry, Blueberry, Kiwi, Fruit, Ice",pachamama-mint-leaf.png,,
Sub-Ohm,Pinup Vapors Beach Betty,"Tropical Fruits, Berries, Mixed Fruit, Fruit, Mystery, Pina Colada, Pineapple, Coconut",pinup-vapors-beach-betty.jpg,,
Sub-Ohm,Pinup Vapors Betty - A variety of different fruit flavors that change with each puff.,"Tropical Fruits, Berries, Mixed Fruit, Mystery, Fruit",pinup-vapors-betty-a-variety-of-different-fruit-flavors-that-change-with-each-puff.jpg,,
Sub-Ohm,Pinup Vapors Betty Chill - An iced version of a variety of different fruit flavors that change with each puff.,"Tropical Fruits, Berries, Mixed Fruit, Mystery, Fruit, Ice, Menthol",pinup-vapors-betty-chill-an-iced-version-of-a-variety-of-different-fruit-flavors-that-change-with-each-puff.jpg,,
Sub-Ohm,Pinup Vapors Christie,"Pineapple, Coconut, Pina Colada, Fruit",pinup-vapors-christie.jpg,,
Sub-Ohm,Pinup Vapors Marilyn - Blend of creamy vanilla custard with hints of butterscotch and a warm caramel drizzle.,"Vanilla, Caramel, Cream, Butterscotch, Dessert",pinup-vapors-marilyn-blend-of-creamy-vanilla-custard-with-hints-of-butterscotch-and-a-warm-caramel-drizzle.jpg,,
Sub-Ohm,Pinup Vapors Rita,"Orange, Pineapple, Cherry, Strawberry, Grape, Fruit, Candy, Smarties",pinup-vapors-rita.jpg,,
Sub-Ohm,Propaganda Illuminati - Blood Orange complimented by sweet undertones of Pineapple and Strawberries.,"Blood Orange, Strawberry, Pineapple, Fruit",propaganda-illuminati-blood-orange-complimented-by-sweet-undertones-of-pineapple-and-strawberries.jpg,,
Sub-Ohm,Propaganda The Hype Sour Apple - Mouthwatering sour green apple powdered candy.,"Apple, Green Apple, Fruit",propaganda-the-hype-sour-apple-mouthwatering-sour-green-apple-powdered-candy.jpg,,
Sub-Ohm,Propaganda The Hype America - Rocket popsicle.,"Cherry, Lime, Blue Raspberry, Blue Razz, Fruit, Candy",propaganda-the-hype-america-rocket-popsicle.jpg,,
Sub-Ohm,Propaganda The Hype Blue Frost - Blue raspberry slushee.,"Blue Raspberry, Blue Razz, Fruit, Candy",propaganda-the-hype-blue-frost-blue-raspberry-slushee.png,,
Sub-Ohm,Propaganda The Hype Cool Blue Frost - Blue raspberry slushee with a cool menthol finish.,"Blue Raspberry, Blue Razz, Fruit, Candy, Ice, Menthol",propaganda-the-hype-cool-blue-frost-blue-raspberry-slushee-with-a-cool-menthol-finish.png,,
Sub-Ohm,Propaganda The Hype Juicy Grape,"Grape, Fruit, Candy",propaganda-the-hype-juicy-grape.jpg,,
Sub-Ohm,Propaganda The Hype Pink and Blue,"Strawberry, Blue Raspberry, Blue Razz, Cotton Candy, Candy, Fruit",propaganda-the-hype-pink-and-blue.png,,
Sub-Ohm,Propaganda The Hype Sour Apple,"Apple, Green Apple, Fruit",propaganda-the-hype-sour-apple.jpg,,
Sub-Ohm,Propaganda The Hype Strawberries A La Mode,"Strawberry, Vanilla, Cream, Cake, Dessert",propaganda-the-hype-strawberries-a-la-mode.jpg,,
Sub-Ohm,Sadboy Blueberry Cookie,"SUB, Sadboy, Blueberry, Cookie, Dessert",sadboy-blueberry-cookie.jpg,,
Sub-Ohm,Sadboy Blueberry Jam,"SUB, Sadboy, Blueberry, Cookie, Dessert, Jam",sadboy-blueberry-jam.jpg,,
Sub-Ohm,Sadboy Butter Cookie,"SUB, Sadboy, Butter, Cookie, Lemon, Dessert",sadboy-butter-cookie.jpg,,
Sub-Ohm,Sadboy Coconut Cake,"SUB, Sadboy, Coconut, Cake, Vanilla, Cream, Dessert",sadboy-coconut-cake.jpg,,
Sub-Ohm,Sadboy Cookie Custard,"SUB, Sadboy, Custard, Vanilla, Cookie, Dessert",sadboy-cookie-custard.jpg,,
Sub-Ohm,Sadboy Happy End Blue Cotton Candy,"SUB, Sadboy, Blue Raspberry, Blue Razz, Cotton Candy, Candy, Fruit",sadboy-happy-end-blue-cotton-candy.png,,
Sub-Ohm,Sadboy Happy End Pink Cotton Candy,"SUB, Sadboy, Strawberry, Cotton Candy, Candy, Fruit",sadboy-happy-end-pink-cotton-candy.jpg,,
Sub-Ohm,Sadboy Keylime Cookie,"SUB, Sadboy, Lime, Cookie, Key Lime, Dessert",sadboy-keylime-cookie.png,,
Sub-Ohm,Sadboy Lemon Cookie,"SUB, Sadboy, Cookie, Lemon, Dessert, Jam",sadboy-lemon-cookie.jpg,,
Sub-Ohm,Sadboy Nola Bar Blueberry,"SUB, Sadboy, Cream, Blueberry, Granola, Dessert",sadboy-nola-bar-blueberry.jpg,,
Sub-Ohm,Sadboy Nola Bar Strawberry,"SUB, Sadboy, Cream, Strawberry, Granola, Dessert",sadboy-nola-bar-strawberry.jpg,,
Sub-Ohm,Sadboy Pumpkin Cookie,"SUB, Sadboy, Pumpkin, Cinnamon, Cookie, Dessert, Nutmeg",sadboy-pumpkin-cookie.jpg,,
Sub-Ohm,Sadboy Punch Berry Blood,"SUB, Sadboy, Strawberry, Blackberry, Blueberry, Lemon, Raspberry, Lemonade, Candy, Fruit",sadboy-punch-berry-blood.jpg,,
Sub-Ohm,Sadboy Rainbow Blood,"SUB, Sadboy, Strawberry, Blackberry, Blueberry, Raspberry, Lemonade, Fruit",sadboy-rainbow-blood.jpg,,
Sub-Ohm,Sadboy Shamrock Cookie,"SUB, Sadboy, Mint, Cookie, Dessert",sadboy-shamrock-cookie.jpg,,
Sub-Ohm,Sadboy Strawberry Cheesecake,"SUB, Sadboy, Strawberry, Cheesecake, Cream, Graham, Dessert",sadboy-strawberry-cheesecake.jpg,,
Sub-Ohm,Sadboy Strawberry Jam,"SUB, Sadboy, Strawberry, Cookie, Jam, Dessert",sadboy-strawberry-jam.jpg,,
Sub-Ohm,Sadboy Unicorn Tears,"SUB, Sadboy, Citrus, Cookie, Dessert",sadboy-unicorn-tears.jpg,,
Sub-Ohm,Shijin Tortoise Blood - Blue Raspberry and Green Apple with a sweet sherbet after tone.,"Blue Raspberry, Blue Razz, Apple, Green Apple, Fruit, Candy, Sherbert",shijin-tortoise-blood-blue-raspberry-and-green-apple-with-a-sweet-sherbet-after-tone.png,,
Sub-Ohm,Shijin Tortoise Blood on ICE - Iced Blue Raspberry and Green Apple with a sweet sherbet after tone.,"Blue Raspberry, Blue Razz, Apple, Green Apple, Fruit, Candy, Sherbert, Ice, Menthol",shijin-tortoise-blood-on-ice-iced-blue-raspberry-and-green-apple-with-a-sweet-sherbet-after-tone.jpg,,
Sub-Ohm,Smoke Crossroads Carolina Red - Tobacco,Tobacco,smoke-crossroads-carolina-red-tobacco.jpg,,
Sub-Ohm,Suicide Bunny Mother's Milk - Strawberries slowly revealing themselves in the haze of creamy custard.,"Strawberry, Cream, Custard, Milk, Dessert",suicide-bunny-mother-s-milk-strawberries-slowly-revealing-themselves-in-the-haze-of-creamy-custard.jpg,,
Sub-Ohm,Suicide Bunny Sucker Punch - Strawberries and dragon fruit with a creamy fruit blend.,"Cream, Dragonfruit, Vanilla, Dessert",suicide-bunny-sucker-punch-strawberries-and-dragon-fruit-with-a-creamy-fruit-blend.jpg,,
Sub-Ohm,Taylor Pinky Palmer,"Strawberry, Lemon, Lemonade, Iced Tea, Tea, Fruit",taylor-pinky-palmer.jpg,,
Sub-Ohm,Taylor Snickerdoodle Crunch,"Vanilla, Cream, Cinnamon, Sugar, Cookie, Dessert",taylor-snickerdoodle-crunch.jpg,,
Sub-Ohm,The Finest Tiramisu Custard,"Coffee, Cream, Tiramisu, Vanilla, Custard, Graham, Dessert",the-finest-tiramisu-custard.jpg,,
Sub-Ohm,Twist Blend No. 1 - A fruity fusion of exotic fruits that emulate a tropical paradise.,"Orange, Strawberry, Blueberry, Pineapple, Fruit",twist-blend-no-1-a-fruity-fusion-of-exotic-fruits-that-emulate-a-tropical-paradise.jpg,,
Sub-Ohm,"Twist Frosted Amber - A light and airy, almost cake-like confection, topped with warm vanilla frosting and sprinkles.","Cookie, Vanilla, Sugar, Frosting, Cream, Dessert",twist-frosted-amber-a-light-and-airy-almost-cake-like-confection-topped-with-warm-vanilla-frosting-and-sprinkles.jpg,,
Sub-Ohm,Twist Green No. 1 - Sweet melon and cool honeydew.,"Honeydew, Cantaloupe, Candy, Melon, Fruit",twist-green-no-1-sweet-melon-and-cool-honeydew.png,,
Sub-Ohm,Twist Pink No. 1 - Pink Leonade.,"Lemon, Lemonade, Strawberry, Fruit",twist-pink-no-1-pink-leonade.jpg,,
Sub-Ohm,"Twist Purple Grape - Ripened grapes, fresh strawberries, and supple blueberries.","Grape, Berry, Strawberry, Blueberry, Raspberry, Fruit",twist-purple-grape-ripened-grapes-fresh-strawberries-and-supple-blueberries.jpg,,
Sub-Ohm,Twist Purple No. 1 - Mixed berry lemonade.,"Berry, Blueberry, Strawberry, Raspberry, Lemonade, Lemon, Fruit",twist-purple-no-1-mixed-berry-lemonade.jpg,,
Sub-Ohm,Twist Red No. 1 - Juicy watermelons mixed into lemonade.,"Watermelon, Lemon, Lemonade, Fruit",twist-red-no-1-juicy-watermelons-mixed-into-lemonade.jpg,,
Sub-Ohm,Twist Tobacco Gold No. 1,Tobacco,twist-tobacco-gold-no-1.jpg,,
Sub-Ohm,Vapetasia Killer Kustard - Mix of vanilla and custard flavors.,"Custard, Vanilla, Cream, Dessert",vapetasia-killer-kustard-mix-of-vanilla-and-custard-flavors.jpg,,
Sub-Ohm,"Vapetasia Royalty 2 - notes of savory custard, nuts, and creamy vanilla; met with a mild earthy flavor.","Tobacco, Hazelnut, Vanilla, Cream, Custard, Dessert",vapetasia-royalty-2-notes-of-savory-custard-nuts-and-creamy-vanilla-met-with-a-mild-earthy-flavor.jpg,,
Sub-Ohm,Verdict Vapors Convict - Strawberry Milk,"Strawberry, Milk, Cream, Marshmallow, Dessert",verdict-vapors-convict-strawberry-milk.jpg,,
Sub-Ohm,Verdict Vapors Mints Chocomint,"Mint, Chocolate, Spearmint, Ice, Menthol, Candy",verdict-vapors-mints-chocomint.png,,
Sub-Ohm,Verdict Vapors Mints Peppermint,"Mint, Peppermint, Menthol, Ice",verdict-vapors-mints-peppermint.png,,
Sub-Ohm,Verdict Vapors Mints Spearmint,"Mint, Spearmint, Menthol, Ice",verdict-vapors-mints-spearmint.png,,
Sub-Ohm,Verdict Vapors Mints Wintergreen,"Mint, Wintergreen, Menthol, Ice",verdict-vapors-mints-wintergreen.png,,
Sub-Ohm,Verdict Vapors Warden - Hazelnut Pecan Butter,"Hazelnut, Pecan, Butter, Cream, Vanilla, Dessert",verdict-vapors-warden-hazelnut-pecan-butter.png,,
Sub-Ohm,VGod Apple Bomb,"Apple, Green Apple, Fruit, Candy",vgod-apple-bomb.jpg,,
Sub-Ohm,VGod Apple Bomb Iced,"Apple, Green Apple, Fruit, Candy, Ice, Menthol",vgod-apple-bomb-iced.jpg,,
Sub-Ohm,VGod Berry Bomb,"Strawberry, Fruit, Candy",vgod-berry-bomb.jpg,,
Sub-Ohm,VGod Berry Bomb Iced,"Strawberry, Fruit, Candy, Menthol, Ice",vgod-berry-bomb-iced.jpg,,
Sub-Ohm,Vgod Cubano - A Smooth Cuban Cigar with a drizzle of Creamy Vanilla.,"Tobacco, Cigar, Vanilla",vgod-cubano-a-smooth-cuban-cigar-with-a-drizzle-of-creamy-vanilla.png,,
Sub-Ohm,Vgod Cubano Black - A robust Cuban cigar flavor with hints of rich creamy custard.,"Tobacco, Custard, Vanilla",vgod-cubano-black-a-robust-cuban-cigar-flavor-with-hints-of-rich-creamy-custard.jpg,,
Sub-Ohm,"Vgod Cubano Silver - A full flavored Cuban cigar with a buttery vanilla custard,  a hint of spice, sweet caramelized brown sugar and honey.","Tobacco, Honey, Vanilla, Custard",vgod-cubano-silver-a-full-flavored-cuban-cigar-with-a-buttery-vanilla-custard-a-hint-of-spice-sweet-caramelized-brown-sugar-and-honey.jpg,,
Sub-Ohm,VGod Lucious - Fresh Watermelon on the Inhale with sweet undertones of Mixed Melons.,"Watermelon, Fruit, Candy",vgod-lucious-fresh-watermelon-on-the-inhale-with-sweet-undertones-of-mixed-melons.jpg,,
Sub-Ohm,VGod Lush Ice - Fresh Watermelon on the Inhale with sweet undertones of Mixed Melons and smooth Menthol.,"Watermelon, Fruit, Ice, Menthol, Lush, Candy",vgod-lush-ice-fresh-watermelon-on-the-inhale-with-sweet-undertones-of-mixed-melons-and-smooth-menthol.jpg,,
Sub-Ohm,VGod Mango Bomb,"Mango, Fruit",vgod-mango-bomb.jpg,,
Sub-Ohm,VGod Mango Bomb Iced,"Mango, Fruit, Ice, Menthol",vgod-mango-bomb-iced.jpg,,
Sub-Ohm,VGod Purple Bomb,"Grape, Fruit, Candy",vgod-purple-bomb.jpg,,
Sub-Ohm,VGod Sourlicious - Sour Watermelon Candy on the Inhale with subtle undertones of Mixed Melons and Sugar.,"Sour, watermelon, candy melon, sugar",vgod-sourlicious-sour-watermelon-candy-on-the-inhale-with-subtle-undertones-of-mixed-melons-and-sugar.jpg,,
Sub-Ohm,VGod Purple Bomb Iced,"Grape, Fruit, Candy, Ice, Menthol",vgod-purple-bomb-iced.jpg,,
Sub-Ohm,Yogi Apple Cinnamon Granola Bar,"Apple, Cinnamon, Granola, Dessert, Honey",yogi-apple-cinnamon-granola-bar.jpg,,
Sub-Ohm,Yogi Blueberry Granola Bar,"Blueberry, Granola, Honey, Desserrt",yogi-blueberry-granola-bar.jpg,,
Sub-Ohm,Yogi Java Granola Bar,"Coffee, Chocolate, Granola, Honey, Dessert",yogi-java-granola-bar.jpg,,
Sub-Ohm,Yogi Original Granola Bar,"Granola, Honey, Dessert",yogi-original-granola-bar.jpg,,
Sub-Ohm,Yogi Peanut Butter Banana Granola Bar,"Banana, Peanut Butter, Granola, Honey, Dessert",yogi-peanut-butter-banana-granola-bar.jpg,,
Sub-Ohm,Yogi Strawberry Granola Bar,"Strawberry, Granola, Honey, Dessert",yogi-strawberry-granola-bar.jpg,,
Sub-Ohm,Yogi Vanilla Tobacco Granola Bar,"Vanilla, Tobacco, Cream, Honey, Granola, Dessert",yogi-vanilla-tobacco-granola-bar.jpg,,
Kit,GeekVape Aegis Force,"Waterproof, shockproof, dustproof mod kit. COREX heating, dual 18650 batteries, 100W max output.",geekvape/aegis-force.webp,,
Kit,Vaporesso XROS 5 Mini,"Compact MTL pod kit. COREX 3.0 Tech, 1500mAh battery, adjustable airflow, 2A fast charging.",xros/xros5-mini.jpg,,
Kit,Vaporesso XROS 5 Nano,"Touchscreen pod kit. 1.09in touch display, 29 UI themes, COREX 3.0 Tech, 1600mAh battery, 2A fast charging. 8 colors.",xros/xros5-nano.webp,,
Kit,Vaporesso XROS 5,"MTL pod kit. COREX 3.0 Tech, 1500mAh battery, 3A fast charging, 0.88in HD screen, 14 colors.",xros/xros5.jpg,,
