type,manufacturer,flavor,profile,price,link
DISP,Geek Bar,Pulse 5% B Pop B Burst,"Pineapple, Banana, Citrus, Strawberry, Bubble Gum, Fruit, Candy",,
DISP,Geek Bar,Pulse 5% Blue Razz Ice,"Blue Razz, Ice, Blue Raspberry, Fruit, Candy",,
DISP,Geek Bar,Pulse 5% Meta Moon,"Papaya, Strawberry, Watermelon, Fruit",,
DISP,Geek Bar,Pulse 5% Pink Lemonade,"Citrus, Lemonade, Pink Lemonade, Strawberry, Fruit",,
DISP,Geek Bar,Pulse 5% Strawberry Banana,"Strawberry, Banana, Fruit",,
DISP,Geek Bar,Pulse 5% Tropical Rainbow Blast,"Tropical, Candy, Strawberry, Lime, Grape, Lemon, Orange, Skittles, Fruit, Candy",,
DISP,Geek Bar,Pulse 5% Watermelon Ice,"Watermelon, Ice, Fruit, Menthol",,
DISP,Geek Bar,Pulse 5% Black Cherry,"Black Cherry, Fruit",,
DISP,Geek Bar,Pulse 5% Blue Mint,"Blueberry, Mint, Ice, Menthol, Fruit",,
DISP,Geek Bar,Pulse 5% California Cherry,"Cherry, Fruit",,
DISP,Geek Bar,Pulse 5% Dragon Melon,"Dragonfruit, Pear, Watermelon, Fruit",,
DISP,Geek Bar,Pulse 5% Grape B Pop B Burst,"Grape, Bubblegum, Fruit, Candy",,
DISP,Geek Bar,Pulse 5% Juicy Peach Ice,"Peach, Ice, Menthol, Fruit",,
DISP,Geek Bar,Pulse 5% Mexico Mango,"Mango, Fruit",,
DISP,Geek Bar,Pulse 5% Miami Mint,"Mint, Citrus, Lemon, Lime, Menthol",,
DISP,Geek Bar,Pulse 5% Sour Apple Ice,"Green Apple, Sour Apple, Ice, Menthol, Fruit, Candy",,
DISP,Geek Bar,Pulse 5% Strawberry Mango,"Mango, Strawberry, Fruit",,
DISP,Geek Bar,Pulse 5% White Gummy Ice,"Pineapple, Gummy, Ice, Menthol, Fruit, Candy",,
DISP,Geek Bar,Pulse 5% Cherry Bomb,"Cherry, Ice, Menthol, Fruit",,
,,,,,
DISP,RAZ,TN9000 5% Blue Raz Ice,"Blue Rasberry, Ice, Blue Razz, Menthol",,
DISP,RAZ,TN9000 5% Blueberry Watermelon,"Blueberry, Watermelon, Fruit",,
,,,,,
DISP,RAZ,TN9000 5% Cherry Lemon,"Cherry, Lemon, Fruit",,
,,,,,
DISP,RAZ,TN9000 5% Dragon Fruit Lemonade,"Dragon Fruit, Lemonade, Fruit, Lemon",,
DISP,RAZ,TN9000 5% Graham Twist,"Graham, Honey, Dessert",,
DISP,RAZ,TN9000 5% Grape Ice,"Grape, Ice, Menthol",,
,RAZ,TN9000 5% Mango Colada,"Mango, Coconut, Pineapple, Fruit",,
DISP,RAZ,TN9000 5% Miami Mint,"Mint, Citrus, Lemon, Lime, Ice, Menthol",,
DISP,RAZ,TN9000 5% Night Crawler,"Mystery, Gummy Worm, Candy, Fruit",,
DISP,RAZ,TN9000 5% Polar Ice,"Mint, Cool, Ice, Menthol",,
,,,,,
DISP,RAZ,TN9000 5% Strawberry Ice,"Strawberry, Ice, Menthol, Fruit",,
DISP,RAZ,TN9000 5% Strawberry Shortcake,"Strawberry, Cake, Cream, Vanilla, Dessert",,
DISP,RAZ,TN9000 5% Triple Berry Ice,"Raspberry, Blueberry, Blackberry, Fruit",,
DISP,RAZ,TN9000 5% Watermelon Ice,"Watermelon, Ice, Menthol, Fruit, Lush Ice",,
SALT,7 Daze,Fusion Banana Cantaloupe Honeydew,"Banana, Cantaloupe, Honeydew, Fruit",,
SALT,7 Daze,Fusion Grape Apple Aloe,"Grape, Apple, Aloe, Fruit",,
SALT,7 Daze,Fusion Grapefruit Orange Mango,"Grapefruit, Orange, Mango, Fruit",,
SALT,7 Daze,Fusion Kiwi Passionfruit Guava,"Kiwi, Passionfruit, Guava, Fruit",,
SALT,7 Daze,Fusion Lemon Passionfruit Blueberry,"Lemon, Passionfruit, Blueberry, Fruit",,
SALT,7 Daze,Fusion Orange Cream Mango,"Orange, Cream, Mango, Fruit, Vanilla",,
SALT,7 Daze,Fusion Orange Yuzu Tangerine,"Orange, Yuzu, Tangerine, Fruit",,
SALT,7 Daze,Fusion Pineapple Coconut Banana,"Pineapple, Coconut, Banana, Fruit, Pina Colada",,
SALT,7 Daze,Fusion Pineapple Mango Orange,"Pineapple, Mango, Orange, Fruit",,
SALT,7 Daze,Fusion Raspberry Green Apple Watermelon,"Raspberry, Green Apple, Watermelon, Fruit",,
SALT,7 Daze,Fusion Strawberry Banana Apple,"Strawberry, Banana, Apple, Fruit",,
SALT,7 Daze,Fusion Strawberry Blackberry Lemon,"Strawberry, Blackberry, Lemon, Fruit",,
SALT,7 Daze,Fusion Strawberry Mango Nectarine,"Strawberry, Mango, Nectarine, Fruit",,
SALT,7 Daze,Fusion Watermelon Apple Pear,"Watermelon, Apple, Pear, Fruit",,
SALT,7 Daze,Fusion Yellow Green Red Mango,"Mango, Fruit",,
SALT,7 Daze,"Glacial Mint - A crisp, minty blast of menthol with every puff.","Mint, Cool, Ice, Menthol",,
SALT,7 Daze,Iced Fusion Banana Cantaloupe Honeydew Iced,"Banana, Cantaloupe, Honeydew, Iced, Fruit, Menthol",,
SALT,7 Daze,Iced Fusion Grape Apple Aloe Iced Iced,"Grape, Apple, Aloe, Ice, Fruit, Menthol",,
SALT,7 Daze,Iced Fusion Grapefruit Orange Mango Iced,"Grapefruit, Orange, Mango, Fruit, Ice, Menthol",,
SALT,7 Daze,Iced Fusion Kiwi Passionfruit Guava Iced,"Kiwi, Passionfruit, Guava, Ice, Menthol, Fruit",,
SALT,7 Daze,Iced Fusion Lemon Passionfruit Blueberry Iced,"Lemon, Passionfruit, Blueberry, Fruit, Ice, Menthol",,
SALT,7 Daze,Iced Fusion Orange Cream Mango Iced,"Orange, Cream, Mango, Ice, Fruit, Menthol",,
SALT,7 Daze,Iced Fusion Orange Yuzu Tangerine Iced,"Orange, Yuzu, Tangerine, Fruit, Ice, Menthol",,
SALT,7 Daze,Iced Fusion Pineapple Coconut Banana Iced,"Pineapple, Coconut, Banana, Fruit, Pina Colada, Ice, Menthol",,
SALT,7 Daze,Iced Fusion Pineapple Mango Orange Iced,"Pineapple, Mango, Orange, Fruit, Ice, Menthol",,
SALT,7 Daze,Iced Fusion Raspberry Green Apple Watermelon Iced,"Raspberry, Green Apple, Watermelon, Ice, Fruit, Menthol",,
SALT,7 Daze,Iced Fusion Strawberry Banana Apple Iced,"Strawberry, Banana, Apple, Fruit, Ice, Menthol",,
SALT,7 Daze,Iced Fusion Strawberry Blackberry Lemon Iced,"Strawberry, Blackberry, Lemon, Fruit, Ice, Menthol",,
SALT,7 Daze,Iced Fusion Strawberry Mango Nectarine Iced,"Strawberry, Mango, Nectarine, Fruit, Ice, Menthol",,
SALT,7 Daze,Iced Fusion Watermelon Apple Pear Iced,"Watermelon, Apple, Pear, Melon, Fruit, Ice, Menthol",,
SALT,7 Daze,Iced Fusion Yellow Green Red Mango Iced,"Mango, Ice, Fruit, Menthol",,
SALT,7 Daze,Reds Apple Berries,"Apple, Berry, Blueberry, Raspberry, Pomegranate, Fruit",,
SALT,7 Daze,Reds Apple Gold Kiwi,"Apple, Kiwi, Fruit",,
SALT,7 Daze,Reds Apple Gold Kiwi Iced,"Apple, Kiwi, Ice, Fruit, Menthol",,
SALT,7 Daze,Reds Apple Grape,"Apple, Grape, Fruit",,
SALT,7 Daze,Reds Apple Original,"Apple, Red Apple, Fruit",,
SALT,7 Daze,Reds Apple Strawberry,"Apple, Strawberry, Fruit",,
SALT,7 Daze,Reds Apple Watermelon,"Apple, Watermelon, Fruit",,
SALT,7 Daze,Reds Iced Apple Berries Iced,"Apple, Berry, Ice, Blueberry, Raspberry, Pomegranate, Fruit, Menthol",,
SALT,7 Daze,Reds Iced Apple Grape Iced,"Apple, Grape, Ice, Menthol, Fruit",,
SALT,7 Daze,Reds Iced Apple Original Iced,"Apple, Red Apple, Ice, Menthol, Fruit",,
SALT,7 Daze,Reds Iced Apple Strawberry Iced,"Apple, Strawberry, Ice, Fruit, Menthol",,
SALT,7 Daze,Reds Iced Apple Watermelon Iced,"Apple, Watermelon, Ice, Fruit, Menthol",,
SALT,7daze,Iced Slapple Iced - Apple and Blue Razz Iced. A collaboration between Reds Apple and Keep It 100.,"Apple, Blue Razz, Blue Raspberry, Ice, Menthol, Fruit, Candy",,
SALT,7daze,Slapple - Apple and Blue Razz. A collaboration between Reds Apple and Keep It 100.,"Apple, Blue Razz, Blue Raspberry, Fruit, Candy",,
SALT,Air Factory,Menthol,"Menthol, Ice",,
SALT,Air Factory,Mint,"Mint, Ice, Menthol",,
SALT,Alt Zero,Just Blues,"Blue, Candy, Blueberry, Blue Razz, Blue Raspberry, Fruit",,
SALT,Alt Zero,Just Reds,"Red, Candy, Strawberry, Watermelon, Cherry, Fruit Punch, Fruit, Raspberry",,
SALT,Alt Zero,"Paradox - A pitch black Mountain Dew with a twist of bold citrus, grape and dark fruits.","Grape, Citrus, Blackberry, Fruit",,
SALT,Alt Zero,"Paradox on the Rocks - Iced pitch black Mountain Dew with a twist of bold citrus, grape and dark fruits.","Grape, Citrus, Blackberry, Ice, Fruit, Menthol",,
SALT,Bad Drip,Bad Blood - Blueberry and Pomegranate.,"Blueberry, Pomegranate, Vanilla, Fruit, Creamy",,
SALT,Bad Drip,Don't Care Bear - Pear and peach gummies.,"Fruit, Candy, Pear, Peach, Gummy",,
SALT,Bad Drip,Drooly - Grape and Berry Gobstopper.,"Grape, Berry, Candy, Fruit",,
SALT,Bad Drip,"God Nectar - Passion fruit, guava, mango, and orange.","Passionfruit, Orange, Mango, Guava, Fruit, Tropical",,
SALT,Barista Brew,Salted Caramel Macchiato,"Caramel, Coffee, Espresso, Cream, Dessert",,
SALT,Beard Vape Co.,#32 - A delicious cinnamon funnel cake,"Funnel Cake, Cinnamon, Vanilla, Dessert",,
SALT,Beard,The Salty One Apple Cereal Donut Milk,"Apple, Cereal, Donut, Milk, Dessert, Cinnamon",,
SALT,Beard,The Salty One Stawberry Cereal Donut Milk,"Stawberry, Donut, Milk, Dessert",,
SALT,Brewed Awakening,Classic - A frappacino with a caramel blast and bold coffee finish with hazelnut and cream.,"Coffee, Caramel, Hazelnut, Cream, Dessert",,
SALT,Candy King,Batch - Sour Patch Candy.,"Sour Patch Kids, Candy, Orange, Cherry, Lemon, Lime, Fruit",,
SALT,Candy King,"Gush - Blueberry, raspberry, strawberry, green apple, and even orange.","Gushers, Candy, Gummy, Blueberry, Raspberry, Strawberry, Green Apple, Orange, Fruit",,
SALT,Candy King,Peachy Rings,"Peach, Candy, Gummy, Fruit",,
SALT,Candy King,"Pink Squares -  - Chewy goodness blasting with flavor. Every inhale is a rush of vibrant, sweet fruity flavor.","Strawberry, Candy, Starburst, Fruit",,
SALT,Candy King,Strawberry Watermelon Bubblegum,"Strawberry, Watermelon, Bubblegum, Candy, Fruit",,
SALT,Candy King,Swedish,"Swedish Fish, Candy, Gummy, Strawberry, Raspberry, Fruit",,
SALT,Candy King,Worms,"Gummy Worms, Gummy, Candy, Orange, Lime, Lemon, Strawberry, Cherry, Raspberry, Fruit",,
SALT,Cassadega,Cannoli Be Breakfast - Italian vanilla cream filled pastry with a light dusting of fruit cereal.,"Cannoli, Cream, Fruit Loops, Cereal, Dessert",,
SALT,Cassadega,Cannoli Be Cookie - Italian vanilla cream filled pastry with a unique cookies & cream shell.,"Cannoli, Cream, Oreo, Cookie, Dessert",,
SALT,Cassadega,Cannoli Be Graham - Italian vanilla cream-filled pastry with graham cracker.,"Cannoli, Graham, Cream, Dessert",,
SALT,Cassadega,Cannoli Be Mine - Italian vanilla cream-filled pastry with strawberry drizzle.,"Cannoli, Cream, Strawberry, Dessert",,
SALT,Cassadega,Cannoli Be Nuts - Italian vanilla cream filled pastry with a topping of chopped and slow roasted pistachios.,"Cannoli, Cream, Pistachio, Nuts, Dessert",,
SALT,Cassadega,Cannoli Be One - Italian vanilla cream-filled pastry,"Cannoli, Cream, Vanilla, Dessert",,
SALT,Chubby Vapes,"Purp - Delicious, grape infused bubblegum.","Grape, Bubblegum, Candy, Fruit",,
SALT,Cloud Chemist,Cereal Science - A nostalgic berry inhale with a sweet cereal milk exhale.,"Cereal, Milk, Berry, Strawberry, Blueberry, Raspberry, Dessert",,
SALT,Cloud Chemist,Claws - An apple bear claw with a gooey caramel apple filling.,"Caramel, Green Apple, Apple, Pastrey, Dessert",,
SALT,Cloud Chemist,Frosty Science - Sweet sugary flaky cereal with a delicious cream finish.,"Frosted Flakes, Cereal, Milk, Dessert",,
SALT,Cloud Chemist,Heisenberry Crunch - A blueberry cereal inhale with a sweet creamy exhale.,"Blueberry, Cereal, Milk, Dessert",,
SALT,Cloud Chemist,Loopy Science - Frosted loopy cereal.,"Fruit Loops, Cereal, Milk, Dessert",,
SALT,Cloud Chemist,Pebble Science - Your favorite pebble cereal during the bedrock era.,"Fruity Pebbles, Cereal, Milk, Dessert",,
SALT,Cloud Chemist,The Alchemist - A sweet sugar frosted cinnamon cereal inhale with a creamy exhale.,"Cinnamon, Sugar, Cinnamon Sugar, Cinnamon Toast Crunch, Cereal, Milk, Dessert",,
SALT,Cloud Chemist,"The Final Experiment - Frosted corn cereal inhale, with a maple brown sugar drizzle and creamy finish.","Corn Pops, Maple, Cereal, Milk, Dessert",,
SALT,Cloud Nurdz,Blue Raspberry Lemon,"Blue Razz, Blue Raspberry, Lemon, Candy, Fruit",,
SALT,Cloud Nurdz,Grape Apple,"Grape, Apple, Green Apple, Candy, Fruit",,
SALT,Cloud Nurdz,Grape Strawberry,"Grape, Strawberry, Candy, Fruit",,
SALT,Cloud Nurdz,Sour Watermelon Strawberry,"Sour, Watermelon, Strawberry",,
SALT,Cloud Nurdz,Watermelon Apple,"Watermelon, Apple, Green Apple, Fruit, Candy",,
SALT,Cloud Nurdz,Watermelon Berry,"Watermelon, Berry, Strawberry, Fruit, Candy",,
SALT,Country Clouds,Corn Bread Puddin',"Cornbread, Brown Sugar, Maple, Vanilla, Pudding, Dessert",,
SALT,Cuttwood,Bird Brains - A blend of fruity cereals with a hint of milk.,"Fruit Loops, Cereal, Milk, Dessert",,
SALT,Cuttwood,"Boss Reserve- Honey graham cracker cereal, toasted nuts, sliced banana and creamy milk.","Graham, Milk, Banana, Dessert",,
SALT,Cuttwood,"Mega Melons- Mango, cantaloupe, and papaya.","Melons, Cantaloupe, Papaya, Pineapple, Fruit",,
SALT,Cuttwood,Sugar Drizzle- Sugary cinnamon paired with a smooth creamy body.,"Cinnamon, Sugar, Cinnamon Sugar, Cereal, Milk, Dessert",,
SALT,Cuttwood,Tobacco Trail - Mild tobacco with a hint of honey.,"Tobacco, Honey",,
SALT,Cuttwood,Unicorn Milk - A perfect blend of strawberry and four unique creams.,"Milk, Strawberry, Dessert",,
SALT,Dinner Lady,Lemon Tart,"Lemon, Pastrey, Dessert, Custard",,
SALT,Fruitia,Apple Kiwi,"Apple, Kiwi, Fruit",,
SALT,Fruitia,Banana Ice,"Banana, Ice, Menthol, Fruit",,
SALT,Fruitia,Blood Orange Cactus,"Orange, Cactus, Tangerine",,
SALT,Fruitia,Jus Apple Bourbon Tobacco,"Apple, Bourbon, Tobacco",,
SALT,Fruitia,Jus Blue Raspberry Cotton Candy,"Blue Raspberry, Fruit, Cotton Candy, Blue Razz, Candy",,
SALT,Fruitia,Jus Rainbow Ice,"Fruit, Strawberry, Lime, Grape, Lemon, Orange, Skittles, Candy, Ice, Menthol",,
SALT,Fruitia,Jus White Grape Ice,"Grape, White Grape, Fruit, Menthol, Ice",,
SALT,Fruitia,Pineapple Citrus,"Pineapple, Citrus, Mango, Fruit",,
SALT,Fruitia,Strawberry Coconut,"Strawberry, Coconut, Fruit",,
SALT,Glas Basix,Banana Cream Pie,"Banana, Cream, Vanilla, Pie Crust, Graham, Dessert",,
SALT,Glas Basix,Blue Razz,"Blue Raspberry, Fruit, Blue Razz, Candy, Blueberry, Raspberry",,
SALT,Glas Basix,Blueberry Cake,"Blueberry, Cake, Sweet, Dessert, Vanilla, Frosting",,
SALT,Glas Basix,Butterscotch Reserve,"Butterscotch, Sweet, Caramel, Tobacco, Dessert",,
SALT,Glas Basix,Carribean Punch,"Pineapple, Apple, Peach, Strawberry, Fruit, Apricot",,
SALT,Glas Basix,Cool Melon,"Melon, Cantaloupe, Cucumber, Ice, Menthol",,
SALT,Glas Basix,Fizzy Lemonade,"Lemonade, Lemon, Lime, Pineapple, Ice, Menthol",,
SALT,Gost Vapor,The Pancake House Blueberry,"Blueberry, Pancake, Maple, Dessert",,
SALT,Gost Vapor,The Pancake House Caramelized Apple,"Pancake, Caramel, Apple, Green Apple, Maple, Dessert",,
SALT,Gost Vapor,The Pancake House Golden Maple,"Pancake, Maple, Butter, Dessert",,
SALT,Gost Vapor,The Pancake House Strawberry,"Strawberry, Pancake, Maple, Dessert",,
SALT,Halo,Kringle's Curse - Peppermint,"Peppermint, mint, ice, menthol",,
SALT,Halo,"Sub Zero - An intense, cool menthol effect with superior vapor production and a glacier-fresh finish.","Menthol, Ice",,
SALT,Halo,"Tribeca - Rich and smooth tobacco flavor, bold top notes and a decadent, velvety finish.","Tobacco, Vanilla, Caramel",,
SALT,Innevape,The Berg Menthol,"Blue Raspberry, Fruit, Blue Razz, Candy, Ice, Menthol",,
SALT,Juice Head,Freeze Blueberry Lemon,"Blueberry, Lemon, Ice, Menthol, Fruit",,
SALT,Juice Head,Freeze Guava Peach,"Guava, Peach, Ice, Menthol, Fruit",,
SALT,Juice Head,Freeze Mango Strawberry,"Mango, Strawberry, Ice, Menthol, Fruit",,
SALT,Juice Head,Freeze Orange Mango,"Orange, Mango, Ice, Menthol, Fruit",,
SALT,Juice Head,Freeze Peach Pear,"Peach, Pear, Ice, Menthol, Fruit",,
SALT,Juice Head,Freeze Pineapple Grapefruit,"Pineapple, Grapefruit, Ice, Menthol, Fruit",,
SALT,Juice Head,Freeze Pineapple Guava,"Pineapple, Guava, Ice, Menthol, Fruit",,
SALT,Juice Head,Freeze Raspberry Lemonade,"Raspberry, Lemon, Lemonade, Ice, Menthol, Fruit",,
SALT,Juice Head,Freeze Strawberry Kiwi,"Strawberry, Kiwi, Ice, Menthol, Fruit",,
SALT,Juice Head,Freeze Watermelon Lime,"Watermelon, Lime, Ice, Menthol, Fruit",,
SALT,Juice Head,R Blueberry Lemon,"Blueberry, Lemon, Fruit",,
SALT,Juice Head,R Guava Peach,"Guava, Peach, Fruit",,
SALT,Juice Head,R Mango Strawberry,"Mango, Strawberry, Fruit",,
SALT,Juice Head,R Orange Mango,"Orange, Mango, Fruit",,
SALT,Juice Head,R Peach Pear,"Peach, Pear, Fruit",,
SALT,Juice Head,R Pineapple Grapefruit,"Pineapple, Grapefruit, Fruit",,
SALT,Juice Head,R Pineapple Guava,"Pineapple, Guava, Fruit",,
SALT,Juice Head,R Raspberry Lemonade,"Raspberry, Lemon, Lemonade, Fruit",,
SALT,Juice Head,R Strawberry Kiwi,"Strawberry, Kiwi, Fruit",,
SALT,Juice Head,R Watermelon Lime,"Watermelon, Lime, Fruit",,
SALT,Kaleidoscopic,Clouds Looking Glass,"Strawberry, Kiwi, Watermelon, Candy, Fruit",,
SALT,Kaleidoscopic,Clouds Optical Illusion,"Mango, Melon, Fruit, Candy",,
SALT,Kaleidoscopic,Clouds Ruby's Eyes,"Raspberry, Pomagranate, Candy, Fruit",,
SALT,Kaleidoscopic,Clouds Sunset,"Raspberry, Orange, Fruit",,
SALT,Keep It 100,Nana Foster,"Banana, Cinnamon, Sugar, Cinnamon Sugar, Vanilla, Dessert",,
SALT,Keep It 100,OG Blue,"Blue Raspberry, Fruit, Blue Razz, Candy, Strawberry",,
SALT,Keep It 100,OG Pink,"Strawberry, Fruit, Candy",,
SALT,Keep It 100,OG Summer Blue,"Blue Raspberry, Fruit, Blue Razz, Candy, Raspberry, Strawberry, Lemon, Lemonade",,
SALT,Khali,Devil's Punchbowl,"Guava, Peach, Fruit, Fruit Punch, Hawaiian Punch",,
SALT,Khali,Devil's Punchbowl Ice,"Guava, Peach, Fruit, Fruit Punch, Hawaiian Punch, Ice, Menthol",,
SALT,Khali,The Fairmont,"Pineapple, Cream, Vanilla, Dessert",,
SALT,Killer Fruits,By Vapetasia Blue Razz,"Blue Raspberry, Fruit, Blue Razz, Candy",,
SALT,Killer Fruits,By Vapetasia Trapple,"Triple Apple, Golden Apple, Red Apple, Green Apple, Apple, Fruit",,
SALT,MET4,Fair Grounds,"Deep Fried Twinkie, Twinkie, Cream Cake, Dessert, Vanilla",,
SALT,MET4,Golden Ticket,"Chocolate, Milk, Chocolate Milk, Dessert",,
SALT,Monster,Custard Monster Banana,"Banana, Cream, Custard, Dessert, Sweet",,
SALT,Monster,Custard Monster Blackberry,"Sweet, Blackberry, Custard, Cream, Dessert",,
SALT,Monster,Custard Monster Blueberry,"Sweet, Blueberry, Custard, Cream, Dessert",,
SALT,Monster,Custard Monster Butterscotch,"Sweet, Butterscotch, Custard, Cream, Dessert",,
SALT,Monster,Custard Monster Gingerbread,"Sweet, Gingerbread, Custard, Cream, Dessert",,
SALT,Monster,Custard Monster Mixed Berry,"Sweet, Mixed Berry, Strawberry, Blackberry, Blueberry, Cream, Dessert, Custard, Raspberry",,
SALT,Monster,Custard Monster Strawberry,"Strawberry, Custard, Sweet, Cream, Dessert",,
SALT,Monster,Custard Monster Vanilla,"Vanilla, Custard, Sweet, Cream, Dessert",,
SALT,Monster,Frozen Fruit Monster Banana Ice,"Banana, Ice, Menthol, Fruit",,
SALT,Monster,Frozen Fruit Monster Black Cherry Ice,"Cherry, Ice, Menthol, Fruit",,
SALT,Monster,Frozen Fruit Monster Blueberry Raspberry Lemon Ice,"Blueberry, Raspberry, Lemon, Ice, Menthol, Fruit",,
SALT,Monster,Frozen Fruit Monster Mango Peach Guava Ice,"Mango, Peach, Guava, Fruit, Menthol, Ice",,
SALT,Monster,Frozen Fruit Monster Mixed Berry Ice,"Berry, Fruit, Mixed Berry, Strawberry, Blackberry, Blueberry, Raspberry, Ice, Menthol",,
SALT,Monster,Frozen Fruit Monster Passionfruit Orange Guava Ice,"Passionfruit, Orange, Guava, Ice, Menthol, Fruit",,
SALT,Monster,Frozen Fruit Monster Strawberry Banana Ice,"Strawberry, Banana, Ice, Menthol, Fruit",,
SALT,Monster,Frozen Fruit Monster Strawberry Kiwi Pomegranate Ice,"Strawberry, Kiwi, Pomegranate, Ice, Menthol, Fruit",,
SALT,Monster,Frozen Fruit Monster Strawberry Lime Ice,"Strawberry, Lime, Ice, Fruit, Menthol",,
SALT,Monster,Fruit Monster Black Cherry,"Cherry, Fruit",,
SALT,Monster,Fruit Monster Blueberry Raspberry Lemon,"Blueberry, Raspberry, Lemon, Fruit",,
SALT,Monster,Fruit Monster Mango Peach Guava,"Mango, Peach, Guava, Fruit",,
SALT,Monster,Fruit Monster Mixed Berry,"Raspberry, Blueberry, Strawberry, Blackberry, Fruit",,
SALT,Monster,Fruit Monster Passionfruit Orange Guava,"Passionfruit, Orange, Guava, Fruit, Tropical",,
SALT,Monster,Fruit Monster Strawberry Banana,"Strawberry, Banana, Fruit",,
SALT,Monster,Fruit Monster Strawberry Kiwi Pomegranate,"Strawberry, Kiwi, Pomegranate, Fruit",,
SALT,Monster,Fruit Monster Strawberry Lime,"Strawberry, Lime, Fruit",,
SALT,Monster,Jam Monster Banana,"Banana, Jam, Butter, Toast, Dessert",,
SALT,Monster,Jam Monster Black Cherry,"Cherry, Jam, Butter, Toast, Dessert",,
SALT,Monster,Jam Monster Blackberry,"Blackberry, Jam, Butter, Toast, Dessert",,
SALT,Monster,Jam Monster Blueberry,"Blueberry, Jam, Butter, Toast, Dessert",,
SALT,Monster,Jam Monster Grape,"Grape, Jam, Butter, Toast, Dessert",,
SALT,Monster,Jam Monster Mixed Berry,"Strawberry, Blackberry, Blueberry, Raspberry, Mixed Berry, Jam, Butter, Toast, Dessert",,
SALT,Monster,Jam Monster PB & Banana,"Peanut, Peanut Butter, Banana, Jam, Dessert",,
SALT,Monster,Jam Monster PB & Grape,"Peanut, Peanut Butter, Grape, Jam, Dessert",,
SALT,Monster,Jam Monster PB & Strawberry,"Peanut, Peanut Butter, Strawberry, Jam, Dessert",,
SALT,Monster,Jam Monster Peach,"Peach, Jam, Butter, Toast, Dessert",,
SALT,Monster,Jam Monster Raspberry,"Raspberry, Jam, Butter, Toast, Dessert",,
SALT,Monster,Jam Monster Strawberry,"Strawberry, Jam, Butter, Toast, Dessert",,
SALT,Monster,Lemonade Monster Blueberry Lemonade,"Blueberry, Lemon, Lemonade, Fruit",,
SALT,Monster,Lemonade Monster Mango Lemonade,"Mango, Lemon, Lemonade, Fruit",,
SALT,Monster,Lemonade Monster Mint Lemonade,"Mint, Lemon, Lemonade, Spearmint, Ice",,
SALT,Monster,Lemonade Monster Pink Lemonade,"Lemonade, Lemon, Citrus, Fruit",,
SALT,Monster,Lemonade Monster Strawberry Lemonade,"Lemon, Lemonade, Strawberry, Fruit",,
SALT,Monster,Lemonade Monster Watermelon Lemonade,"Lemonade, Lemon, Watermelon, Fruit",,
SALT,Monster,The Milk Berry Crunch,"Milk, Berry, Strawberry, Blueberry, Raspberry, Cream, Dessert, Cereal",,
SALT,Monster,The Milk Cinnamon,"Milk, Cinnamon, Cream, Dessert, Cereal",,
SALT,Monster,The Milk Fruity,"Fruity Pebbles, Cereal, Milk, Cream, Dessert",,
SALT,Monster,The Milk Jax,"Milk, Apple, Cinnamon, Cream, Dessert, Cereal",,
SALT,Monster,Tobacco Monster Bold,Tobacco,,
SALT,Monster,Tobacco Monster Rich,Tobacco,,
SALT,Monster,Tobacco Monster Smooth,"Tobacco, Sweet, Cream",,
SALT,MRKT PLCE,Blood Orange Tangoberry,"Blood Orange, Tangerine, Orange, Grapefruit, Blueberry, Fruit",,
SALT,MRKT PLCE,Fuji Pear Mangoberry,"Pear, Mango, Apple, Raspberry, Fruit",,
SALT,MRKT PLCE,Forbidden Berry,"Berry, Strawberry, Raspberry, Blackberry",,
SALT,MRKT PLCE,Pineapple Peach Dragonberry,"Pineapple, Peach, Dragonberry, Berry",,
SALT,MRKT PLCE,Watermelon Hula Berry Lime,"Sour, Watermelon, Lime",,
SALT,Naked 100,American Patriot,Tobacco,,
SALT,Naked 100,Berry Menthol,"Berry, Blueberry, Blackberry, Raspberry, Menthol, Ice, Fruit",,
SALT,Naked 100,Cuban Blend,"Tobacco, Smooth",,
SALT,Naked 100,Euro Gold,"Tobacco, Light",,
SALT,Naked 100,Hawaiian POG,"Passionfruit, Orange, Guava, Fruit, Tropical",,
SALT,Naked 100,Lava Flow,"Strawberry, Coconut, Pineapple, Pina Colada, Fruit",,
SALT,Naked 100,Mango,"Mango, Peach, Cream, Fruit",,
SALT,Naked 100,Mint Menthol,"Mint, Menthol, Cool, Ice",,
SALT,Naked 100,Really Berry,"Blueberry, Blackberry, Lemon, Fruit",,
SALT,Naked 100,Strawberry Pom Menthol,"Strawberry, Kiwi, Pomegranate, Ice, Menthol, Fruit",,
SALT,Noms,X2 Cactus Jackfruit Mandarine,"Cactus, Jackfruit, Mandarin, Fruit",,
SALT,Noms,X2 White Peach Raspberry,"Peach, Raspberry, Fruit",,
SALT,Pachamama,Apple Tobacco,"Apple, Tobacco",,
SALT,Pachamama,Black Ice,"Blackberry, Ice, Menthol, Fruit, Cucumber",,
SALT,Pachamama,Blue Razz Ice,"Blue Razz, Sweet, Blue Raspberry, Ice, Mint, Candy, Fruit",,
SALT,Pachamama,Cherry Limeade,"Cherry, Lime, Lemon, Fruit",,
SALT,Pachamama,Frosted Cronut,"Vanilla, Caramel, Donut, Dessert",,
SALT,Pachamama,Fuji,"Apple, Strawberry, Nectarine, Fruit",,
SALT,Pachamama,Fuji Ice,"Apple, Strawberry, Nectarine, Fruit, Ice, Menthol",,
SALT,Pachamama,Golden Peach Pineapple,"Peach, Pineapple, Fruit",,
SALT,Pachamama,Honeydew Melon,"Melon, Honeydew, Fruit",,
SALT,Pachamama,Icy Mango,"Mango, Ice, Fruit, Menthol",,
SALT,Pachamama,Kiwi Berry Ice,"Kiwi, Strawberry, Blueberry, Ice, Menthol, Fruit",,
SALT,Pachamama,Kiwi Guava Passionfruit,"Kiwi, Guava, Passionfruit, Fruit",,
SALT,Pachamama,Pink Berry Ice,"Berry, Strawberry, Raspberry, Menthol, Ice, Fruit",,
SALT,Pachamama,Purple Mango,"Mango, Fruit, Candy",,
SALT,Pachamama,Sorbet,"Raspberry, Lemon, Fruit",,
SALT,Pachamama,Starfruit Grape,"Starfruit, Grape, Fruit",,
SALT,Pachamama,Starfruit Grape Ice,"Starfruit, Grape, Fruit, Ice, Menthol",,
SALT,Pachamama,Strawberry Watermelon,"Strawberry, Watermelon, Fruit, Candy",,
SALT,Pachamama,Citrus Medley,"Orange, Lemon, Lime, Grapefruit, Fruit, Citrus",,
SALT,Pachamama,White Peach Ice,"Peach, Fruit, Menthol, Ice",,
SALT,Pinup Vapors,Beach Betty,"Tropical Fruits, Berries, Mixed Fruit, Fruit, Mystery, Pina Colada, Pineapple, Coconut",,
SALT,Pinup Vapors,Betty - A variety of different fruit flavors that change with each puff.,"Tropical Fruits, Berries, Mixed Fruit, Mystery, Fruit",,
SALT,Pinup Vapors,Betty Chill - An iced version of a variety of different fruit flavors that change with each puff.,"Tropical Fruits, Berries, Mixed Fruit, Mystery, Fruit, Ice, Menthol",,
SALT,Pinup Vapors,Christie,"Pineapple, Coconut, Pina Colada, Fruit",,
SALT,Pinup Vapors,Marilyn - Blend of creamy vanilla custard with hints of butterscotch and a warm caramel drizzle.,"Vanilla, Caramel, Cream, Butterscotch, Dessert",,
SALT,Pinup Vapors,Rita,"Orange, Pineapple, Cherry, Strawberry, Grape, Fruit, Candy, Smarties",,
SALT,Pod Juice,Blue Razz Freeze,"Blue Raspberry, Blue Razz, Ice, Candy, Fruit, Menthol",,
SALT,Pod Juice,Cola Freeze,"Cola, Ice, Menthol",,
SALT,Pod Juice,Cotton Clouds,"Blue Razz, Blue Raspberry, Strawberry, Vanilla, Cotton Candy, Candy, Fruit",,
SALT,Pod Juice,Frozen Strawberry Freeze,"Strawberry, Ice, Menthol",,
SALT,Pod Juice,Jewel Mint,"Mint, Ice, Menthol, Spearmint",,
SALT,Pod Juice,Jewel Mint Diamond,"Mint, Unsweet, Menthol, Ice",,
SALT,Pod Juice,Jewel Mint Lush Freeze,"Watermelon, Fruit, Ice, Menthol, Mint",,
SALT,Pod Juice,Jewel Mint Sapphire,"Mint, Ice, Menthol, Wintergreen",,
SALT,Pod Juice,PJ5000 Jewel Malibu Mint,"Mint, Citrus, Lemon, Lime, Menthol, Orange, Fruit, Ice",,
SALT,Pod Juice,PJ5000 Sakura Grape,"Cherry Blossom, Grape, Fruit",,
SALT,Pod Juice,Pod Energy Freeze,"Redbull, Energy Drink, Ice, Menthol",,
SALT,Pod Juice,Sour Fruity Worms,"Gummy Worms, Gummy, Candy, Orange, Lime, Lemon, Strawberry, Cherry, Raspberry, Fruit",,
SALT,Pod Juice,Virginia Tobacco,Tobacco,,
SALT,Propaganda,Blue Frost,"Blue Raspberry, Blue Razz, Slushy, Fruit, Candy",,
SALT,Propaganda,Cookie Butter,"Vanilla, Oatmeal Cookie, Cream, Cookie, Milk, Dessert",,
SALT,Propaganda,Illuminati,"Blood Orange, Strawberry, Pineapple, Fruit",,
SALT,Propaganda,Wild Fire,"Almond, Chocolate, Cookie, Dessert",,
SALT,Sadboy,B Coconut Cake,"Coconut, Cake, Vanilla, Cream, Dessert",,
SALT,Sadboy,B Strawberry Cheesecake,"Strawberry, Cheesecake, Cream, Graham, Dessert",,
SALT,Sadboy,C Blueberry Cookie,"Blueberry, Cookie, Dessert",,
SALT,Sadboy,C Butter Cookie,"Butter, Cookie, Lemon, Dessert",,
SALT,Sadboy,C Custard Cookie,"Custard, Vanilla, Cookie, Dessert",,
SALT,Sadboy,C Key Lime Cookie,"Lime, Cookie, Key Lime, Dessert",,
SALT,Sadboy,C Pumpkin Cookie,"Pumpkin, Cinnamon, Cookie, Dessert, Nutmeg",,
SALT,Sadboy,C Shamrock Cookie,"Mint, Cookie, Dessert",,
SALT,Sadboy,C Unicorn Tears,"Citrus, Cookie, Dessert",,
SALT,Sadboy,F Punch Berry Blood,"Strawberry, Blackberry, Blueberry, Lemon, Raspberry, Lemonade, Candy, Fruit",,
SALT,Sadboy,F Rainbow Blood,"Strawberry, Blackberry, Blueberry, Raspberry, Lemonade, Fruit",,
SALT,Sadboy,F Strawberry Blood,"Strawberry, Candy, Fruit",,
SALT,Sadboy,Happy End Blue,"Blue Raspberry, Blue Razz, Cotton Candy, Candy, Fruit",,
SALT,Sadboy,Happy End Pink,"Strawberry, Cotton Candy, Candy, Fruit",,
SALT,Sadboy,J Blueberry Jam,"Blueberry, Cookie, Dessert, Jam",,
SALT,Sadboy,J Lemon Cookie,"Cookie, Lemon, Dessert, Jam",,
SALT,Sadboy,J Strawberry Jam,"Strawberry, Cookie, Jam, Dessert",,
SALT,Sadboy,Nola Bar Berry,"Cream, Blueberry, Granola, Dessert",,
SALT,Sadboy,Nola Bar Strawberry,"Cream, Strawberry, Granola, Dessert",,
SALT,Shijin,Tortoise Blood,"Blue Raspberry, Blue Razz, Apple, Green Apple, Fruit, Candy, Sherbert",,
SALT,Shijin,Tortoise Blood on ICE,"Blue Raspberry, Blue Razz, Apple, Green Apple, Fruit, Candy, Menthol, Ice",,
SALT,Shijin,Tortoise Blood on the Rocks,"Blue Raspberry, Blue Razz, Apple, Green Apple, Fruit, Candy, Spearmint, Ice, Mint",,
SALT,The Finest,Tiramisu Custard,"Coffee, Cream, Tiramisu, Vanilla, Custard, Graham, Dessert",,
SALT,Twist,Blend No.1,"Orange, Strawberry, Blueberry, Pineapple, Fruit",,
SALT,Twist,Green No.1,"Honeydew, Cantaloupe, Candy, Melon, Fruit",,
SALT,Twist,Menthol No.1,"Menthol, Ice",,
SALT,Twist,Mint 0,"Mint, Wintergreen, Ice, Menthol",,
SALT,Twist,Mint No.1,"Mint, Spearmint, Cool, Ice, Menthol",,
SALT,Twist,Pink 0,"Lemon, Lemonade, Strawberry, Ice, Menthol, Fruit",,
SALT,Twist,Purple Grape,"Grape, Berry, Strawberry, Blueberry, Raspberry, Fruit",,
SALT,Twist,Purple No. 1,"Berry, Blueberry, Strawberry, Raspberry, Lemonade, Lemon, Fruit",,
SALT,Twist,Red No.1,"Watermelon, Lemon, Lemonade, Fruit",,
SALT,Twist,Tobacco Gold No.1,Tobacco,,
SALT,Vapetasia,Killer Kustard,"Cream, Vanilla, Custard, Dessert",,
SALT,Vapetasia,Royalty 2,"Tobacco, Hazelnut, Vanilla, Cream, Custard, Dessert",,
SALT,Verdict Vapors,Convict - Strawberry Milk,"Strawberry, Milk, Cream, Marshmallow, Dessert",,
SALT,Verdict Vapors,Mints Chocomint,"Mint, Chocolate, Spearmint, Ice, Menthol, Candy",,
SALT,Verdict Vapors,Mints Peppermint,"Mint, Peppermint, Menthol, Ice",,
SALT,Verdict Vapors,Mints Spearmint,"Mint, Spearmint, Ice, Menthol",,
SALT,Verdict Vapors,Mints Wintergreen,"Mint, Wintergreen, Ice, Menthol",,
SALT,Verdict Vapors,Warden - Hazelnut Pecan Butter,"Hazelnut, Pecan, Butter, Cream, Vanilla, Dessert",,
SALT,VGod,Apple Bomb,"Apple, Green Apple, Fruit, Candy",,
SALT,VGod,Berry Bomb,"Strawberry, Fruit, Candy",,
SALT,VGod,Cubano,"Tobacco, Cigar, Vanilla",,
SALT,VGod,Cubano Black,"Tobacco, Custard, Vanilla",,
SALT,VGod,Cubano Silver,"Tobacco, Honey, Vanilla, Custard",,
SALT,VGod,Dry Tobacco,Tobacco,,
SALT,VGod,Iced Apple Bomb,"Apple, Green Apple, Ice, Menthol, Fruit, Candy",,
SALT,VGod,Iced Berry Bomb,"Strawberry, Fruit, Candy, Ice, Menthol",,
SALT,VGod,Iced Mango Bomb,"Mango, Fruit, Ice, Menthol",,
SALT,VGod,Iced Purple Bomb,"Grape, Fruit, Candy, Ice, Menthol",,
SALT,VGod,Lucious,"Watermelon, Fruit, Candy",,
SALT,VGod,Lush Ice Eliquids,"Watermelon, Ice, Fruit, Menthol, Lush Ice, Candy",,
SALT,VGod,Mango Bomb,"Mango, Fruit",,
SALT,VGod,Mighty Mint,"Mint, Wintergreen, Ice, Menthol",,
SALT,VGod,Purple Bomb,"Grape, Fruit, Candy",,
SALT,VGod,Summer Strawberry,"Strawberry, Ice, Menthol, Fruit",,
SALT,Yogi,Apple Cinnamon Granola Bar,"Apple, Cinnamon, Granola, Dessert, Honey",,
SALT,Yogi,Blueberry Granola Bar,"Blueberry, Granola, Honey, Desserrt",,
SALT,Yogi,Java,"Coffee, Chocolate, Granola, Honey, Dessert",,
SALT,Yogi,Original,"Granola, Honey, Dessert",,
SALT,Yogi,Peanut Butter Banana,"Banana, Peanut Butter, Granola, Honey, Dessert",,
SALT,Yogi,Strawberry Granola Bar,"Strawberry, Granola, Honey, Dessert",,
SALT,Yogi,Vanilla Tobacco,"Vanilla, Tobacco, Cream, Honey, Granola, Dessert",,
SUB,7 Daze,Fusion Banana Cantaloupe Honeydew,"SUB, 7daze, 7 daze, Banana, Cantaloupe, Honeydew, Fruit",,
SUB,7 Daze,Fusion Grape Apple Aloe,"SUB, 7daze, 7 daze, Grape, Apple, Aloe, Fruit",,
SUB,7 Daze,Fusion Kiwi Passionfruit Guava,"SUB, 7daze, 7 daze, Kiwi, Passionfruit, Guava, Fruit",,
SUB,7 Daze,Fusion Lemon Passionfruit Blueberry,"SUB, 7daze, 7 daze, Lemon, Passionfruit, Blueberry, Fruit",,
SUB,7 Daze,Fusion Orange Cream Mango,"SUB, 7daze, 7 daze, Orange, Cream, Mango, Fruit",,
SUB,7 Daze,Fusion Orange Yuzu Tangerine,"SUB, 7daze, 7 daze, Oranges, Yuzu, Tangerine, Fruit",,
SUB,7 Daze,Fusion Pineapple Coconut Banana,"SUB, 7daze, 7 daze, Pineapple, Coconut, Banana, Pina Colada, Fruit",,
SUB,7 Daze,Fusion Pineapple Mango Orange,"SUB, 7daze, 7 daze, Pineapple, Mango, Orange, Fruit",,
SUB,7 Daze,Fusion Raspberry Green Apple Watermelon,"SUB, 7daze, 7 daze, Raspberry, Green Apple, Watermelon, Apple, Fruit",,
SUB,7 Daze,Fusion Strawberry Banana Apple,"SUB, 7daze, 7 daze, Strawberry, Banana, Apple, Red Apple, Fruit",,
SUB,7 Daze,Fusion Strawberry Blackberry Lemon,"SUB, 7daze, 7 daze, Strawberry, Blackberry, Lemon, Fruit",,
SUB,7 Daze,Fusion Strawberry Mango Nectarine,"SUB, 7daze, 7 daze, Strawberry, Mango, Nectarine, Fruit",,
SUB,7 Daze,Fusion Watermelon Apple Pear,"SUB, 7daze, 7 daze, Watermelon, Apple, Pear, Red Apple, Fruit",,
SUB,7 Daze,Fusion Yellow Green Red Mango,"SUB, 7daze, 7 daze, Mango, Fruit",,
SUB,7 Daze,Iced Fusion Banana Cantaloupe Honeydew Iced,"SUB, 7daze, 7 daze, Banana, Cantaloupe, Honeydew, Fruit, Ice, Menthol",,
SUB,7 Daze,Iced Fusion Grape Apple Aloe Iced,"SUB, 7daze, 7 daze, Grape, Apple, Aloe, Fruit, Ice, Menthol",,
SUB,7 Daze,Iced Fusion Grapefruit Orange Mango Iced,"SUB, 7daze, 7 daze, Grapefruit, Orange, Mango, Fruit, Ice, Menthol",,
SUB,7 Daze,Iced Fusion Kiwi Passionfruit Guava Iced,"SUB, 7daze, 7 daze, Kiwi, Passionfruit, Guava, Fruit, Ice, Menthol",,
SUB,7 Daze,Iced Fusion Lemon Passionfruit Blueberry Iced,"SUB, 7daze, 7 daze, Lemon, Passionfruit, Blueberry, Fruit, Ice, Menthol",,
SUB,7 Daze,Iced Fusion Orange Cream Mango Iced,"SUB, 7daze, 7 daze, Orange, Cream, Mango, Fruit, Ice, Menthol",,
SUB,7 Daze,Iced Fusion Orange Yuzu Tangerine Iced,"SUB, 7daze, 7 daze, Orange, Yuzu, Tangerine, Fruit, Ice, Menthol",,
SUB,7 Daze,Iced Fusion Pineapple Coconut Banana Iced,"SUB, 7daze, 7 daze, Pineapple, Coconut, Banana, Pina Colada, Fruit, Ice, Menthol",,
SUB,7 Daze,Iced Fusion Pineapple Mango Orange Iced,"SUB, 7daze, 7 daze, Pineapple, Mango, Orange, Fruit, Ice, Menthol",,
SUB,7 Daze,Iced Fusion Raspberry Green Apple Watermelon Iced,"SUB, 7daze, 7 daze, Raspberry, Green Apple, Watermelon, Apple, Fruit, Ice, Menthol",,
SUB,7 Daze,Iced Fusion Strawberry Banana Apple Iced,"SUB, 7daze, 7 daze, Strawberry, Banana, Apple, Red Apple, Fruit, Ice, Menthol",,
SUB,7 Daze,Iced Fusion Strawberry Blackberry Lemon Iced,"SUB, 7daze, 7 daze, Strawberry, Blackberry, Lemon, Fruit, Ice, Menthol",,
SUB,7 Daze,Iced Fusion Strawberry Mango Nectarine Iced,"SUB, 7daze, 7 daze, Strawberry, Mango, Nectarine, Fruit, Ice, Menthol",,
SUB,7 Daze,Iced Fusion Watermelon Apple Pear Iced,"SUB, 7daze, 7 daze, Watermelon, Apple, Pear, Red Apple, Fruit, Ice, Menthol",,
SUB,7 Daze,Iced Fusion Yellow Green Red Mango Iced,"SUB, 7daze, 7 daze, Mango, Fruit, Ice, Menthol",,
SUB,7daze,"Glacial Mint -  - A crisp, minty blast of menthol with every puff.","SUB, 7daze, 7 daze, Mint, Cool, Ice, Menthol",,
SUB,7daze,Reds Apple Berries,"SUB, 7daze, 7 daze, Apple, Berries, Red Apple, Blueberry, Raspberry, Pomegranate, Fruit",,
SUB,7daze,Reds Apple Gold Kiwi,"SUB, 7daze, 7 daze, Apple, Kiwi, Fruit, Red Apple",,
SUB,7daze,Reds Apple Gold Kiwi Iced,"SUB, 7daze, 7 daze, Apple, Kiwi, Red Apple, Ice, Fruit, Menthol",,
SUB,7daze,Reds Apple Grape,"SUB, 7daze, 7 daze, Apple, Grape, Red Apple, Fruit",,
SUB,7daze,Reds Apple Original,"SUB, 7daze, 7 daze, Apple, Red Apple, Fruit",,
SUB,7daze,Reds Apple Strawberry,"SUB, 7daze, 7 daze, Apple, Strawberry, Red Apple, Fruit",,
SUB,7daze,Reds Apple Strawberry 06mgAS6,"SUB, 7daze, 7 daze, Apple, Strawberry, Red Apple, Fruit",,
SUB,7daze,Reds Apple Watermelon,"SUB, 7daze, 7 daze, Apple, Watermelon, Red Apple, Fruit",,
SUB,7daze,Reds Iced Apple Berries Iced,"SUB, 7daze, 7 daze, Apple, Berries, Red Apple, Blueberry, Raspberry, Pomegranate, Fruit, Ice, Menthol",,
SUB,7daze,Reds Iced Apple Grape Iced,"SUB, 7daze, 7 daze, Apple, Grape, Red Apple, Fruit, Ice, Menthol",,
SUB,7daze,Reds Iced Apple Original Iced,"SUB, 7daze, 7 daze, Apple, Red Apple, Ice, Fruit, Menthol",,
SUB,7daze,Reds Iced Apple Strawberry Ice,"SUB, 7daze, 7 daze, Apple, Strawberry, Red Apple, Fruit, Ice, Menthol",,
SUB,7daze,Reds Iced Apple Watermelon Iced,"SUB, 7daze, 7 daze, Apple, Watermelon, Red Apple, Fruit, Ice, Menthol",,
SUB,7daze,Reds Slapple - Apple and Blue Razz. A collaboration between Reds Apple and Keep It 100.,"SUB, 7daze, 7 daze, Apple, Red Apple, Fruit, Blue Raspberry, Blue Razz, Candy",,
SUB,7daze,Reds Slapple Iced - Apple and Blue Razz Iced. A collaboration between Reds Apple and Keep It 100.,"SUB, 7daze, 7 daze, Apple, Red Apple, Fruit, Blue Raspberry, Blue Razz, Candy, Ice, Menthol",,
SUB,Air Factory,Menthol,"Menthol, Ice",,
SUB,Air Factory,Mint,"Mint, Cool, Ice, Menthol",,
SUB,Air Factory,Unflavored,"Unflavored, Flavorless",,
SUB,Alt Zero,Excision Harambe,"SUB, Alt Zero, Banana, Strawberry, Blackberry, Blueberry, Fruit, Smoothie",,
SUB,Alt Zero,"Excision Paradox - A pitch black Mountain Dew with a twist of bold citrus, grape and dark fruits.","SUB, Alt Zero, Grape, Citrus, Blackberry, Fruit",,
SUB,Alt Zero,"Excision Paradox OTR - Iced pitch black Mountain Dew with a twist of bold citrus, grape and dark fruits.","SUB, Alt Zero, Grape, Citrus, Blackberry, Ice, Fruit, Menthol",,
SUB,Alt Zero,Excision Virus - The electrifying original lemon lime citrus dew.,"SUB, Alt Zero, Lemon, Lime, Citrus, Mtn Dew, Mountain Dew, Fruit",,
SUB,Alt Zero,Excision X Rated - Sweet blueberry tart yogurt.,"SUB, Alt Zero, Blueberry, Raspberry, Blackberry, Yogurt, Vanilla, Cream, Fruit, Dessert",,
SUB,Alt Zero,Just Blues - A burst of blueberries and raspberries as these sour blue razz flavors explode.,"SUB, Alt Zero, Blue, Candy, Blueberry, Blue Razz, Blue Raspberry, Fruit",,
SUB,Alt Zero,"Just Reds - Strawberry, Watermelon, Cherry and Fruit Punch Candies.","SUB, Alt Zero, Red, Candy, Strawberry, Watermelon, Cherry, Fruit Punch, Fruit, Raspberry",,
SUB,Bad Drip,Bad Blood - Blueberry and Pomegranate.,"SUB, Bad Drip, Blueberry, Pomegranate, Vanilla, Dessert, Fruit",,
SUB,Bad Drip,Dont Care Bear - Peach and Pear gummies.,"SUB, Bad Drip,Peach, Pear, Gummy, Candy, Fruit",,
SUB,Bad Drip,Drooly - Grape Berry Gobstopper.,"SUB, Bad Drip,Grape, Candy, Fruit",,
SUB,Bad Drip,"God Nectar - Passion fruit, guava, mango, and orange.","SUB, Bad Drip,Passion Fruit, Orange, Mango, Guava, Fruit",,
SUB,Barista Brew,Salted Caramel Macchiato,"SUB, Barista, Salted Caramel, Macchiato, Coffee, Caramel, Cream, Dessert",,
SUB,Beard Vape Co.,#32 - A delicious cinnamon funnel cake,"SUB,Beard, Funnel Cake, Cinnamon, Vanilla, Dessert",,
SUB,Beard Vape Co.,Apple Cinnamon The One,"SUB,Beard, Apple, Cinnamon, Donut, Milk, Cream, Dessert",,
SUB,Beard Vape Co.,Blueberry The One,"SUB,Beard, Blueberry, Donut, Cereal, Milk, Cream, Dessert",,
SUB,Beard Vape Co.,Marshmellow The One,"SUB,Beard, Marshmallow, Donut, Milk, Cinnamon, Dessert",,
SUB,Beard Vape Co.,Strawberry The One,"SUB,Beard, Strawberry, Donut, Milk, Cereal, Dessert",,
SUB,Brewed Awakening,Classic -  - A frappacino with a caramel blast and bold coffee finish with hazelnut and cream.,"Coffee, Caramel, Hazelnut, Cream, Dessert",,
SUB,Candy King,Batch - Sour Patch Candy.,"SUB, Candy King, Sour Patch Kids, Candy, Orange, Cherry, Lemon, Lime, Fruit",,
SUB,Candy King,"Gush - Blueberry, raspberry, strawberry, green apple, and even orange.","SUB, Candy King, Blueberry, Raspberry, Strawberry, Apple, Green Apple, Orange, Gummy, Candy, Fruit",,
SUB,Candy King,Peachy Rings - Sour peach gummy ring.,"SUB, Candy King, Peach, Gummy, Candy, Fruit",,
SUB,Candy King,"Pink Squares - Chewy goodness blasting with flavor. Every inhale is a rush of vibrant, sweet fruity flavor.","SUB, Candy King, Strawberry, Gummy, Candy, Fruit",,
SUB,Candy King,Strawberry Watermelon Bubblegum,"SUB, Candy King, trawberry, Watermelon, Bubblegum, Candy, Fruit",,
SUB,Candy King,Swedish,"SUB, Candy King, Strawberry, Raspberry, Candy, Fruit, Gummy",,
SUB,Candy King,Worms - Gummy Worms,"SUB, Candy King, Orange, Lime, Lemon, Strawberry, Cherry, Raspberry, Gummy, Candy, Fruit",,
SUB,Cassadega,Cannoli Be Breakfast,"SUB, Cassadaga, Cannoli, Cream, Fruit Loops, Cereal, Dessert",,
SUB,Cassadega,Cannoli Be Cookie,"SUB, Cassadaga, Cannoli, Cream, Oreo, Cookie, Dessert",,
SUB,Cassadega,Cannoli Be Graham,"SUB, Cassadaga, Cannoli, Graham, Cream, Dessert",,
SUB,Cassadega,Cannoli Be Mine,"SUB, Cassadaga, Cannoli, Cream, Strawberry, Dessert",,
SUB,Cassadega,Cannoli Be Nuts,"SUB, Cassadaga, Cannoli, Cream, Pistachio, Nuts, Dessert",,
SUB,Cassadega,Cannoli Be One,"SUB, Cassadaga, Cannoli, Cream, Vanilla, Dessert",,
SUB,Chubby Vapes,"Purp -  - Delicious, grape infused bubblegum.","Grape, Bubblegum, Candy, Fruit",,
SUB,Cloud Chemist,Cereal Science - A nostalgic berry inhale with a sweet cereal milk exhale.,"SUB, Cloud, Chemist, Cereal, Milk, Berry, Strawberry, Blueberry, Raspberry, Dessert",,
SUB,Cloud Chemist,Claws - An apple bear claw with a gooey caramel apple filling.,"SUB, Cloud, Chemist, Caramel, Green Apple, Apple, Pastrey, Dessert",,
SUB,Cloud Chemist,Frosty Science - Sweet sugary flaky cereal with a delicious cream finish.,"SUB, Cloud, Chemist, Frosted Flakes, Cereal, Milk, Dessert",,
SUB,Cloud Chemist,Heisenberry Crunch - A blueberry cereal inhale with a sweet creamy exhale.,"SUB, Cloud, Chemist, Blueberry, Cereal, Milk, Dessert",,
SUB,Cloud Chemist,Loopy Science - Frosted loopy cereal.,"SUB, Cloud, Chemist, Fruit Loops, Cereal, Milk, Dessert",,
SUB,Cloud Chemist,Pebble Science - Your favorite pebble cereal during the bedrock era.,"SUB, Cloud, Chemist, Fruity Pebbles, Cereal, Milk, Dessert",,
SUB,Cloud Chemist,The Alchemist - A sweet sugar frosted cinnamon cereal inhale with a creamy exhale.,"SUB, Cloud, Chemist, Cinnamon, Sugar, Cinnamon Sugar, Cinnamon Toast Crunch, Cereal, Milk, Dessert",,
SUB,Cloud Chemist,"The Final Experiment - Frosted corn cereal inhale, with a maple brown sugar drizzle and creamy finish.","SUB, Cloud, Chemist, Corn Pops, Maple, Cereal, Milk, Dessert",,
SUB,Cloud Nurdz,Blue Raspberry Lemon,"SUB, Cloud, Nurdz, Blue Razz, Blue Raspberry, Lemon, Candy, Fruit",,
SUB,Cloud Nurdz,Grape Apple,"SUB, Cloud, Nurdz, Grape, Apple, Green Apple, Candy, Fruit",,
SUB,Cloud Nurdz,Grape Strawberry,"SUB, Cloud, Nurdz, Grape, Strawberry, Candy, Fruit",,
SUB,Cloud Nurdz,Sour Watermelon Strawberry,"SUB, Cloud, Nurdz, Sour, Watermelon, Strawberry",,
SUB,Cloud Nurdz,Watermelon Apple,"SUB, Cloud, Nurdz, Watermelon, Apple, Green Apple, Fruit, Candy",,
SUB,Cloud Nurdz,Watermelon Berry,"SUB, Cloud, Nurdz, Watermelon, Berry, Strawberry, Fruit, Candy",,
SUB,Country Clouds,Blueberry Corn Bread Puddin',"Cornbread, Brown Sugar, Maple, Vanilla, Pudding, Dessert, Blueberry",,
SUB,Country Clouds,Corn Bread Puddin',"Cornbread, Brown Sugar, Maple, Vanilla, Pudding, Dessert",,
SUB,Cuttwood,Bird Brains - A blend of fruity cereals with a hint of milk.,"SUB, Cuttwood, Fruit Loops, Cereal, Milk, Dessert",,
SUB,Cuttwood,"Boss Reserve - Honey graham cracker cereal, toasted nuts, sliced banana and creamy milk.","SUB, Cuttwood, Graham, Milk, Banana, Dessert",,
SUB,Cuttwood,"Mega Melons - Mango, cantaloupe, and papaya.","SUB, Cuttwood, Melons, Cantaloupe, Papaya, Pineapple, Fruit",,
SUB,Cuttwood,Sugar Drizzle - Sugary cinnamon paired with a smooth creamy body.,"SUB, Cuttwood, Cinnamon, Sugar, Cinnamon Sugar, Cereal, Milk, Dessert",,
SUB,Cuttwood,Tobacco Trail - Mild tobacco with a hint of honey.,"SUB, Cuttwood, Tobacco, Honey",,
SUB,Cuttwood,Unicorn Milk - A perfect blend of strawberry and four unique creams.,"SUB, Cuttwood, Milk, Strawberry, Dessert",,
SUB,Dinner Lady,Lemon Tart,"Lemon, Pastrey, Dessert, Custard",,
SUB,Free Noms,Caramel Butterscotch Classic,"Caramel, Butterscotch, Vanilla, Cream, Dessert",,
SUB,Fruitia,Apple Kiwi,"Apple, Kiwi, Fuit",,
SUB,Fruitia,Banana Ice,"Banana, Fruit, Ice, Menthol",,
SUB,Fruitia,Blood Orange Cactus,"Blood Orange, Orange, Cactus, Fruit, Tangerine",,
SUB,Fruitia,Jus Apple Bourbon Tobacco,"Apple, Bourbon, Tobacco",,
SUB,Fruitia,Jus Blue Raspberry Cotton Candy,"Blue Razz, Blue Raspberry, Cotton Candy, Candy, Fruit",,
SUB,Fruitia,Jus Rainbow Ice,"Fruit, Strawberry, Lime, Grape, Lemon, Orange, Skittles, Candy, Ice, Menthol",,
SUB,Fruitia,Jus White Grape Ice,"White Grape, Grape, Fruit, Ice, Menthol",,
SUB,Fruitia,Passion Fruit Guava,"Passionfruit, Guava, Papaya, Fruit, Tropical",,
SUB,Fruitia,Pineapple Citrus,"Pineapple, Citrus, Mango, Fruit",,
SUB,Fruitia,Strawberry Coconut,"Strawberry, Coconut, Fruit",,
SUB,Fruitia,Sweet Peach,"Peach, Sweet, Strawberry, Fruit",,
SUB,Glas Basix,Banana Cream Pie,"Banana, Cream, Vanilla, Pie Crust, Graham, Dessert",,
SUB,Glas Basix,Blue Razz,"Blue Raspberry, Fruit, Blue Razz, Candy, Blueberry, Raspberry",,
SUB,Glas Basix,Blueberry Cake,"Blueberry, Cake, Sweet, Dessert, Vanilla, Frosting",,
SUB,Glas Basix,Butterscotch Reserve,"Butterscotch, Sweet, Caramel, Tobacco, Dessert",,
SUB,Glas Basix,Caribbean Punch,"Pineapple, Apple, Peach, Strawberry, Fruit, Apricot",,
SUB,Glas Basix,Cool Melon,"Melon, Cantaloupe, Cucumber, Ice, Menthol",,
SUB,Glas Basix,Fizzy Lemonade,"Lemonade, Lemon, Lime, Pineapple, Ice, Menthol",,
SUB,Glas Basix,Strawberry Blast,"Strawberry, Gummy, Candy, Berry, Fruit",,
SUB,Gost Vapor,The Pancake House Banana Nuts,"Banana, Walnut, Pancake, Maple, Dessert",,
SUB,Gost Vapor,The Pancake House Blueberry,"Blueberry, Pancake, Maple, Dessert",,
SUB,Gost Vapor,The Pancake House Caramelized Apple,"Pancake, Caramel, Apple, Green Apple, Maple, Dessert",,
SUB,Gost Vapor,The Pancake House Golden Maple,"Pancake, Maple, Butter, Dessert",,
SUB,Gost Vapor,The Pancake House Strawberry,"Strawberry, Pancake, Maple, Dessert",,
SUB,Halo,"Fusion - an unflavored tobacco vape juice with a clean, pure taste, providing nicotine since 2011.","Unflavored, Flavorless",,
SUB,Halo,Kringle's Curse - Peppermint,"Peppermint, mint, ice, menthol",,
SUB,Halo,"Sub Zero - An intense, cool menthol effect with superior vapor production and a glacier-fresh finish.","Menthol, Ice",,
SUB,Halo,"Tribeca - Rich and smooth tobacco flavor, bold top notes and a decadent, velvety finish.","Tobacco, Vanilla, Caramel",,
SUB,Innevape,Heisenberg Menthol,"Blue Raspberry, Fruit, Blue Razz, Candy, Ice, Menthol",,
SUB,Juice Head,F Blue Lemon FREEZE,"Blueberry, Lemon, Ice, Menthol, Fruit",,
SUB,Juice Head,F Guava Peach FREEZE,"Guava, Peach, Ice, Menthol, Fruit",,
SUB,Juice Head,F Mango Strawberry FREEZE,"Mango, Strawberry, Ice, Menthol, Fruit",,
SUB,Juice Head,F Orange Mango FREEZE,"Orange, Mango, Ice, Menthol, Fruit",,
SUB,Juice Head,F Peach Pear FREEZE,"Peach, Pear, Ice, Menthol, Fruit",,
SUB,Juice Head,F Peach Pear FREEZE 06mgPPF6,"Peach, Pear, Ice, Menthol, Fruit",,
SUB,Juice Head,F Pineapple GrapeFruit FREEZE,"Pineapple, Grapefruit, Ice, Menthol, Fruit",,
SUB,Juice Head,F Pineapple Guava FREEZE,"Pineapple, Guava, Ice, Menthol, Fruit",,
SUB,Juice Head,F Strawberry Kiwi FREEZE,"Strawberry, Kiwi, Ice, Menthol, Fruit",,
SUB,Juice Head,F Watermelon Lime FREEZE,"Watermelon, Lime, Ice, Menthol, Fruit",,
SUB,Juice Head,Freeze Raspberry Lemonade,"Raspberry, Lemonade, Lemon, Ice, Menthol, Fruit",,
SUB,Juice Head,R Blue Lemon,"Blueberry, Lemon, Fruit",,
SUB,Juice Head,R Guava Peach,"Guava, Peach, Fruit",,
SUB,Juice Head,R Mango Strawberry,"Mango, Strawberry, Fruit",,
SUB,Juice Head,R Orange Mango,"Orange, Mango, Fruit",,
SUB,Juice Head,R Peach Pear,"Peach, Pear, Fruit",,
SUB,Juice Head,R Pineapple GrapeFruit,"Pineapple, Grapefruit, Fruit",,
SUB,Juice Head,R Pineapple Guava,"Pineapple, Guava, Fruit",,
SUB,Juice Head,R Strawberry Kiwi,"Strawberry, Kiwi, Fruit",,
SUB,Juice Head,R Watermelon Lime,"Watermelon, Lime, Fruit",,
SUB,Juice Head,Raspberry Lemonade,"Raspberry, Lemonade, Lemon, Fruit",,
SUB,Kaleidoscopic,"Looking Glass - A mouthwatering medley which magnifies sweet watermelon, ripe kiwi and strawberries.","Strawberry, Kiwi, Watermelon, Candy, Fruit",,
SUB,Kaleidoscopic,"Optical Illusion - A full spectrum of colorful flavors, swirling with sweet mango and melon.","Mango, Melon, Fruit, Candy",,
SUB,Kaleidoscopic,Ruby's Eyes - A mouthwatering pomegranate and candied raspberry.,"Raspberry, Pomagranate, Candy, Fruit",,
SUB,Kaleidoscopic,Sunset - A tropical blend of raspberry & orange.,"Raspberry, Orange, Fruit",,
SUB,Keep It 100,Berry Au Lait - A Combination Of Fresh Cream And perfectly Ripe Strawberries.,"Strawberry, Cream, Milk, Dessert",,
SUB,Keep It 100,Maui Blast,"Guava, Passionfruit, Lychee, Fruit, Tropical",,
SUB,Keep It 100,OG Blue - A Classic Blue Razz Slushie!,"Blue Raspberry, Fruit, Blue Razz, Candy, Strawberry",,
SUB,Keep It 100,"OG Blue Ice - Your Favorite Blue Razz Slushie, Complete With The Icy Finish.","Blue Raspberry, Fruit, Blue Razz, Candy, Strawberry, Ice, Menthol",,
SUB,Keep It 100,OG Nana Foster,"Banana, Cinnamon, Sugar, Cinnamon Sugar, Vanilla, Dessert",,
SUB,Keep It 100,OG Pink - A combination of juicy strawberry and lip smacking taffy with a cool exhale.,"Strawberry, Fruit, Candy",,
SUB,Keep It 100,OG Summer Blue - Sweet And Tart Lemonade Elevates Our Famous Blue Razz To Summertime.,"Blue Raspberry, Fruit, Blue Razz, Candy, Raspberry, Strawberry, Lemon, Lemonade",,
SUB,Keep It 100,OG Tropical Blue - Blue Raspberry Slushie Blended with an Assortment of Tropical Flavors.,"Blue Raspberry, Fruit, Blue Razz, Candy, Strawberry, Guava, Pineapple, Peach",,
SUB,Khali,Devil's Punchbowl - Guava with a soft hint of Peach.,"Guava, Peach, Fruit, Fruit Punch, Hawaiian Punch",,
SUB,Khali,Devil's Punchbowl ICE - Guava with a soft hint of Peach and a touch of Ice.,"Guava, Peach, Fruit, Fruit Punch, Hawaiian Punch, Ice, Menthol",,
SUB,MET4,Fair Grounds - Deep Fried Cream Cake.,"Deep Fried Twinkie, Twinkie, Cream Cake, Dessert, Vanilla",,
SUB,MET4,Golden Ticket - A rich and creamy chocolate milk flavor.,"Chocolate, Milk, Chocolate Milk, Dessert",,
SUB,Monster,Custard Monster Banana,"Banana, Custard, Cream, Dessert, Sweet",,
SUB,Monster,Custard Monster Blackberry,"Sweet, Blackberry, Custard, Cream, Dessert",,
SUB,Monster,Custard Monster Blueberry,"Blueberry, Sweet, Custard, Cream, Dessert",,
SUB,Monster,Custard Monster Butterscotch,"Butterscotch, Custard, Sweet, Cream, Dessert",,
SUB,Monster,Custard Monster Gingerbread,"Gingerbread, Custard, Sweet, Cream, Dessert",,
SUB,Monster,Custard Monster Mixed Berry,"Sweet, Mixed Berry, Strawberry, Blackberry, Blueberry, Cream, Dessert, Custard, Raspberry",,
SUB,Monster,Custard Monster Strawberry,"Strawberry, Sweet, Custard, Cream, Dessert",,
SUB,Monster,Custard Monster Vanilla,"Vanilla, Sweet, Custard, Cream, Dessert",,
SUB,Monster,Frozen Fruit Monster Banana Ice,"Banana, Ice, Menthol, Fruit",,
SUB,Monster,Frozen Fruit Monster Black Cherry Ice,"Cherry, Ice, Menthol, Fruit",,
SUB,Monster,Frozen Fruit Monster Blueberry Raspberry Lemon Ice,"Blueberry, Raspberry, Lemon, Ice, Menthol, Fruit",,
SUB,Monster,Frozen Fruit Monster Double Mango Ice,"Mango, Ice, Menthol, Fruit",,
SUB,Monster,Frozen Fruit Monster Mango Peach Guava Ice,"Mango, Peach, Guava, Ice, Menthol, Fruit",,
SUB,Monster,Frozen Fruit Monster Mixed Berry Ice,"Berry, Fruit, Mixed Berry, Strawberry, Blackberry, Blueberry, Raspberry, Ice, Menthol",,
SUB,Monster,Frozen Fruit Monster Passionfruit Orange Guava Ice,"Passionfruit, Orange, Guava, Ice, Menthol, Fruit",,
SUB,Monster,Frozen Fruit Monster Strawberry Banana Ice,"Strawberry, Banana, Ice, Menthol, Fruit",,
SUB,Monster,Frozen Fruit Monster Strawberry Kiwi Pomegranate Ice,"Strawberry, Kiwi, Pomegranate, Ice, Menthol, Fruit",,
SUB,Monster,Frozen Fruit Monster Strawberry Lime Ice,"Strawberry, Lime, Ice, Menthol, Fruit",,
SUB,Monster,Fruit Monster Black Cherry,"Cherry, Fruit",,
SUB,Monster,Fruit Monster Blueberry Raspberry Lemon,"Blueberry, Raspberry, Lemon, Fruit",,
SUB,Monster,Fruit Monster Mango Peach Guava,"Mango, Peach, Guava, Fruit",,
SUB,Monster,Fruit Monster Mixed Berry,"Raspberry, Blueberry, Strawberry, Blackberry, Fruit",,
SUB,Monster,Fruit Monster Passionfruit Orange Guava,"Passionfruit, Orange, Guava, Fruit",,
SUB,Monster,Fruit Monster Strawberry Banana,"Strawberry, Banana, Fruit",,
SUB,Monster,Fruit Monster Strawberry Kiwi Pomegranate,"Strawberry, Kiwi, Pomegranate, Fruit",,
SUB,Monster,Fruit Monster Strawberry Lime,"Strawberry, Lime, Fruit",,
SUB,Monster,Jam Monster Banana,"Banana, Jam, Butter, Toast, Dessert",,
SUB,Monster,Jam Monster Black Cherry,"Cherry, Jam, Butter, Toast, Dessert",,
SUB,Monster,Jam Monster Blackberry,"Blackberry, Jam, Butter, Toast, Dessert",,
SUB,Monster,Jam Monster Blueberry,"Blueberry, Jam, Butter, Toast, Dessert",,
SUB,Monster,Jam Monster Grape,"Grape, Jam, Butter, Toast, Dessert",,
SUB,Monster,Jam Monster Mixed Berry,"Strawberry, Blackberry, Blueberry, Raspberry, Mixed Berry, Jam, Butter, Toast, Dessert",,
SUB,Monster,Jam Monster PB & Banana,"Peanut, Banana, Peanut Butter, Jam, Dessert",,
SUB,Monster,Jam Monster PB & Grape,"Peanut, Grape, Peanut Butter, Jam, Dessert",,
SUB,Monster,Jam Monster PB & Strawberry,"Peanut, Strawberry, Jam, Peanut Butter, Dessert",,
SUB,Monster,Jam Monster Peach,"Peach, Jam, Butter, Toast, Dessert",,
SUB,Monster,Jam Monster Raspberry,"Raspberry, Jam, Butter, Toast, Dessert",,
SUB,Monster,Jam Monster Strawberry,"Strawberry, Jam, Butter, Toast, Dessert",,
SUB,Monster,Lemonade Monster Blueberry Lemonade,"Lemonade, Blueberry, Lemon, Fruit",,
SUB,Monster,Lemonade Monster Mango Lemonade,"Mango, Lemon, Lemonade, Fruit",,
SUB,Monster,Lemonade Monster Mint Lemonade,"Mint, Lemon, Lemonade, Spearmint, Ice",,
SUB,Monster,Lemonade Monster Pink Lemonade,"Lemonade, Lemon, Citrus, Fruit",,
SUB,Monster,Lemonade Monster Strawberry Lemonade,"Lemonade, Strawberry, Lemon, Fruit",,
SUB,Monster,Lemonade Monster Watermelon Lemonade,"Watermelon, Lemon, Lemonade, Fruit",,
SUB,Monster,The Milk Berry Crunch,"Milk, Berry, Strawberry, Blueberry, Raspberry, Cream, Dessert, Cereal",,
SUB,Monster,The Milk Cinnamon,"Milk, Cinnamon, Cream, Dessert, Cereal",,
SUB,Monster,The Milk Fruity,"Fruity Pebbles, Cereal, Milk, Cream, Dessert",,
SUB,Monster,The Milk Jax,"Milk, Apple, Cinnamon, Cream, Dessert, Cereal",,
SUB,Monster,Tobacco Monster Bold - Tobacco with hints of vanilla and hazelnut.,"Tobacco, Hazelnut, Vanilla",,
SUB,Monster,Tobacco Monster Rich - Tobacco with hints of vanilla and caramel.,"Tobacco, , Vanilla",,
SUB,Monster,Tobacco Monster Smooth - Tobacco with hints of Spanish Cream.,"Tobacco, Sweet, Cream",,
SUB,Monster,The Milk Strawberry,"Strawberry, Cream, Milk, Dessert",,
SUB,MRKT PLCE,Blood Orange Tangoberry,"Blood Orange, Tangerine, Orange, Grapefruit, Blueberry, Fruit",,
SUB,MRKT PLCE,Fuji Pear Mangoberry,"Pear, Mango, Apple, Raspberry, Fruit",,
SUB,MRKT PLCE,Forbidden Berry,"Berry, Strawberry, Raspberry, Blackberry",,
SUB,MRKT PLCE,Pineapple Peach Dragonberry,"Pineapple, Peach, Dragonberry, Berry",,
SUB,MRKT PLCE,Watermelon Hula Berry Lime,"Sour, Watermelon, Lime",,
SUB,Naked 100,American Patriot,Tobacco,,
SUB,Naked 100,Berry Menthol,"Berry, Blueberry, Blackberry, Raspberry, Menthol, Ice, Fruit",,
SUB,Naked 100,Crisp Menthol,"Mint, Ice, Menthol",,
SUB,Naked 100,Hawaiian Pog,"Passionfruit, Orange, Guava, Fruit, Tropical",,
SUB,Naked 100,Lava Flow,"Strawberry, Coconut, Pineapple, Pina Colada, Fruit",,
SUB,Naked 100,Lava Flow Ice,"Strawberry, Coconut, Pineapple, Pina Colada, Fruit, Ice, Menthol",,
SUB,Naked 100,Really Berry,"Blueberry, Blackberry, Lemon, Fruit",,
SUB,Naked 100,Strawberry Pom Menthol,"Strawberry, Kiwi, Pomegranate, Ice, Menthol, Fruit",,
SUB,Nomenon,Arctic Wintergreen Freeze,"Wintergreen, Ice, Menthol",,
SUB,Nomenon,Caramel Butterscotch Classic,"Caramel, Butterscotch, Vanilla, Cream, Dessert",,
SUB,Nomenon,Dragon Fruit Strawberry Cream,"Dragon Fruit, Strawberry, Cream, Dessert",,
SUB,Nomenon,Free Noms Green Apple Strawberry Peach Ice,"Apple, Strawberry, Peach, Ice, Menthol, Fruit",,
SUB,Nomenon,Grapenomenon,"Grape, Fruit, Candy",,
SUB,Nomenon,Lemonomenon,"Lemon, Candy, Fruit",,
SUB,Nomenon,Lychee Cherry Blossom Raspberry,"Lychee, Cherry Blossom, Raspberry, Fruit",,
SUB,Nomenon,Pear Green Apple Peach,"Pear, Apple, Green Apple, Peach, Fruit",,
SUB,Nomenon,Phenomenon,"Mystery, Fruit, Tropical",,
SUB,Nomenon,Pineapple Coconut Spiced Rum,"Pineapple, Coconut, Rum, Pina Colada, Fruit",,
SUB,Nomenon,Tobacco Caramel Vanilla,"Tobacco, Caramel, Vanilla",,
SUB,Nomenon,Watanomenon,"Watermelon, Candy, Fruit",,
SUB,Nomenon,Watanomenon ICE,"Watermelon, Candy, Fruit, Ice, Menthol, Lush Ice",,
SUB,Noms 100,Black Cherry Sour Apple - Blend of rich cherry notes and a tart apple finish.,"Cherry, Apple, Tart",,
SUB,Noms 100,Blue Razz Shark - The zesty tang of ripe blueberries meets the sweet shock of wild cherries.,"Blueberry, Cherry, Candy",,
SUB,Noms 100,"Pixie Dip - A fruit punch powdered sugar candy,  paired with a fun, dippable candy stick.","Fruit, Strawberry, Candy",,
SUB,Noms 100,Strawberry Cream - Blends of sweet strawberries with velvety smoothness.,"Strawberry, Cream, Milk, Dessert",,
SUB,Noms 100,"Vanilla Toffee - Rich, buttery, and sweet, with smooth vanilla and deep caramel notes.","Rich, Butter, Sweet, Vanilla, Caramel",,
SUB,Noms,Blunomenom,"Blue Raspberry, Blue Razz, Fruit, Candy",,
SUB,Noms,X2 Blueberry Papaya Strawberry,"Blueberry, Papaya, Strawberry, Fruit",,
SUB,Noms,X2 Cactus Jackfruit Mandarin,"Cactus, Jackfruit, Mandarin, Fruit",,
SUB,Noms,X2 Cherry Lime Ginger,"Cherry, Lime, Ginger, Fruit",,
SUB,Noms,X2 Kiwi Passionfruit Nectarine,"Kiwi, Passionfruit, Nectarine, Fruit",,
SUB,Noms,X2 White Peach Raspberry,"Peach, Raspberry, Fruit",,
SUB,Pachamama,Fuji Apple Strawberry,"Apple, Strawberry, Nectarine, Fruit",,
SUB,Pachamama,Mint Leaf,"Mint, Spearmint, Honeydew, Berry, Strawberry, Blueberry, Kiwi, Fruit, Ice",,
SUB,Pinup Vapors,Betty - A variety of different fruit flavors that change with each puff.,"Tropical Fruits, Berries, Mixed Fruit, Mystery, Fruit",,
SUB,Pinup Vapors,Betty Chill - An iced version of a variety of different fruit flavors that change with each puff.,"Tropical Fruits, Berries, Mixed Fruit, Mystery, Fruit, Ice, Menthol",,
SUB,Pinup Vapors,Christie,"Pineapple, Coconut, Pina Colada, Fruit",,
SUB,Pinup Vapors,Marilyn - Blend of creamy vanilla custard with hints of butterscotch and a warm caramel drizzle.,"Vanilla, Caramel, Cream, Butterscotch, Dessert",,
SUB,Pinup Vapors,Rita,"Orange, Pineapple, Cherry, Strawberry, Grape, Fruit, Candy, Smarties",,
SUB,Propaganda,Illuminati - Blood Orange complimented by sweet undertones of Pineapple and Strawberries.,"Blood Orange, Strawberry, Pineapple, Fruit",,
SUB,Propaganda,The Hype Sour Apple - Mouthwatering sour green apple powdered candy.,"Apple, Green Apple, Fruit",,
SUB,Propaganda,The Hype America - Rocket popsicle.,"Cherry, Lime, Blue Raspberry, Blue Razz, Fruit, Candy",,
SUB,Propaganda,The Hype Blue Frost - Blue raspberry slushee.,"Blue Raspberry, Blue Razz, Fruit, Candy",,
SUB,Propaganda,The Hype Cool Blue Frost - Blue raspberry slushee with a cool menthol finish.,"Blue Raspberry, Blue Razz, Fruit, Candy, Ice, Menthol",,
SUB,Propaganda,The Hype Juicy Grape,"Grape, Fruit, Candy",,
SUB,Propaganda,The Hype Pink and Blue,"Strawberry, Blue Raspberry, Blue Razz, Cotton Candy, Candy, Fruit",,
SUB,Propaganda,The Hype Sour Apple,"Apple, Green Apple, Fruit",,
SUB,Propaganda,The Hype Strawberries A La Mode,"Strawberry, Vanilla, Cream, Cake, Dessert",,
SUB,Sadboy,Blueberry Cookie,"SUB, Sadboy, Blueberry, Cookie, Dessert",,
SUB,Sadboy,Blueberry Jam,"SUB, Sadboy, Blueberry, Cookie, Dessert, Jam",,
SUB,Sadboy,Butter Cookie,"SUB, Sadboy, Butter, Cookie, Lemon, Dessert",,
SUB,Sadboy,Coconut Cake,"SUB, Sadboy, Coconut, Cake, Vanilla, Cream, Dessert",,
SUB,Sadboy,Cookie Custard,"SUB, Sadboy, Custard, Vanilla, Cookie, Dessert",,
SUB,Sadboy,Happy End Blue Cotton Candy,"SUB, Sadboy, Blue Raspberry, Blue Razz, Cotton Candy, Candy, Fruit",,
SUB,Sadboy,Happy End Pink Cotton Candy,"SUB, Sadboy, Strawberry, Cotton Candy, Candy, Fruit",,
SUB,Sadboy,Keylime Cookie,"SUB, Sadboy, Lime, Cookie, Key Lime, Dessert",,
SUB,Sadboy,Lemon Cookie,"SUB, Sadboy, Cookie, Lemon, Dessert, Jam",,
SUB,Sadboy,Nola Bar Blueberry,"SUB, Sadboy, Cream, Blueberry, Granola, Dessert",,
SUB,Sadboy,Nola Bar Strawberry,"SUB, Sadboy, Cream, Strawberry, Granola, Dessert",,
SUB,Sadboy,Pumpkin Cookie,"SUB, Sadboy, Pumpkin, Cinnamon, Cookie, Dessert, Nutmeg",,
SUB,Sadboy,Punch Berry Blood,"SUB, Sadboy, Strawberry, Blackberry, Blueberry, Lemon, Raspberry, Lemonade, Candy, Fruit",,
SUB,Sadboy,Rainbow Blood,"SUB, Sadboy, Strawberry, Blackberry, Blueberry, Raspberry, Lemonade, Fruit",,
SUB,Sadboy,Shamrock Cookie,"SUB, Sadboy, Mint, Cookie, Dessert",,
SUB,Sadboy,Strawberry Cheesecake,"SUB, Sadboy, Strawberry, Cheesecake, Cream, Graham, Dessert",,
SUB,Sadboy,Strawberry Jam,"SUB, Sadboy, Strawberry, Cookie, Jam, Dessert",,
SUB,Sadboy,Unicorn Tears,"SUB, Sadboy, Citrus, Cookie, Dessert",,
SUB,Smoke Crossroads,Carolina Red - Tobacco,Tobacco,,
SUB,Suicide Bunny,Mother's Milk - Strawberries slowly revealing themselves in the haze of creamy custard.,"Strawberry, Cream, Custard, Milk, Dessert",,
SUB,Suicide Bunny,Sucker Punch - Strawberries and dragon fruit with a creamy fruit blend.,"Cream, Dragonfruit, Vanilla, Dessert",,
SUB,The Finest,Tiramisu Custard,"Coffee, Cream, Tiramisu, Vanilla, Custard, Graham, Dessert",,
SUB,Twist,Blend No. 1 - A fruity fusion of exotic fruits that emulate a tropical paradise.,"Orange, Strawberry, Blueberry, Pineapple, Fruit",,
SUB,Twist,"Frosted Amber - A light and airy, almost cake-like confection, topped with warm vanilla frosting and sprinkles.","Cookie, Vanilla, Sugar, Frosting, Cream, Dessert",,
SUB,Twist,Green No. 1 - Sweet melon and cool honeydew.,"Honeydew, Cantaloupe, Candy, Melon, Fruit",,
SUB,Twist,Pink No. 1 - Pink Leonade.,"Lemon, Lemonade, Strawberry, Fruit",,
SUB,Twist,"Purple Grape - Ripened grapes, fresh strawberries, and supple blueberries.","Grape, Berry, Strawberry, Blueberry, Raspberry, Fruit",,
SUB,Twist,Purple No. 1 - Mixed berry lemonade.,"Berry, Blueberry, Strawberry, Raspberry, Lemonade, Lemon, Fruit",,
SUB,Twist,Red No. 1 - Juicy watermelons mixed into lemonade.,"Watermelon, Lemon, Lemonade, Fruit",,
SUB,Twist,Tobacco Gold No. 1,Tobacco,,
SUB,Vapetasia,Killer Kustard - Mix of vanilla and custard flavors.,"Custard, Vanilla, Cream, Dessert",,
SUB,Vapetasia,"Royalty 2 - notes of savory custard, nuts, and creamy vanilla; met with a mild earthy flavor.","Tobacco, Hazelnut, Vanilla, Cream, Custard, Dessert",,
SUB,Verdict Vapors,Convict - Strawberry Milk,"Strawberry, Milk, Cream, Marshmallow, Dessert",,
SUB,Verdict Vapors,Mints Chocomint,"Mint, Chocolate, Spearmint, Ice, Menthol, Candy",,
SUB,Verdict Vapors,Mints Peppermint,"Mint, Peppermint, Menthol, Ice",,
SUB,Verdict Vapors,Mints Spearmint,"Mint, Spearmint, Menthol, Ice",,
SUB,Verdict Vapors,Mints Wintergreen,"Mint, Wintergreen, Menthol, Ice",,
SUB,Verdict Vapors,Warden - Hazelnut Pecan Butter,"Hazelnut, Pecan, Butter, Cream, Vanilla, Dessert",,
SUB,VGod,Apple Bomb,"Apple, Green Apple, Fruit, Candy",,
SUB,VGod,Apple Bomb Iced,"Apple, Green Apple, Fruit, Candy, Ice, Menthol",,
SUB,VGod,Berry Bomb,"Strawberry, Fruit, Candy",,
SUB,VGod,Berry Bomb Iced,"Strawberry, Fruit, Candy, Menthol, Ice",,
SUB,VGod,Cubano - A Smooth Cuban Cigar with a drizzle of Creamy Vanilla.,"Tobacco, Cigar, Vanilla",,
SUB,VGod,Cubano Black - A robust Cuban cigar flavor with hints of rich creamy custard.,"Tobacco, Custard, Vanilla",,
SUB,VGod,"Cubano Silver - A full flavored Cuban cigar with a buttery vanilla custard,  a hint of spice, sweet caramelized brown sugar and honey.","Tobacco, Honey, Vanilla, Custard",,
SUB,VGod,Lucious - Fresh Watermelon on the Inhale with sweet undertones of Mixed Melons.,"Watermelon, Fruit, Candy",,
SUB,VGod,Lush Ice - Fresh Watermelon on the Inhale with sweet undertones of Mixed Melons and smooth Menthol.,"Watermelon, Fruit, Ice, Menthol, Lush, Candy",,
SUB,VGod,Mango Bomb,"Mango, Fruit",,
SUB,VGod,Mango Bomb Iced,"Mango, Fruit, Ice, Menthol",,
SUB,VGod,Purple Bomb,"Grape, Fruit, Candy",,
SUB,VGod,Sourlicious - Sour Watermelon Candy on the Inhale with subtle undertones of Mixed Melons and Sugar.,"Sour, watermelon, candy melon, sugar",,
SUB,VGod,Purple Bomb Iced,"Grape, Fruit, Candy, Ice, Menthol",,
SUB,Yogi,Apple Cinnamon Granola Bar,"Apple, Cinnamon, Granola, Dessert, Honey",,
SUB,Yogi,Blueberry Granola Bar,"Blueberry, Granola, Honey, Desserrt",,
SUB,Yogi,Java Granola Bar,"Coffee, Chocolate, Granola, Honey, Dessert",,
SUB,Yogi,Original Granola Bar,"Granola, Honey, Dessert",,
SUB,Yogi,Peanut Butter Banana Granola Bar,"Banana, Peanut Butter, Granola, Honey, Dessert",,
SUB,Yogi,Strawberry Granola Bar,"Strawberry, Granola, Honey, Dessert",,
SUB,Yogi,Vanilla Tobacco Granola Bar,"Vanilla, Tobacco, Cream, Honey, Granola, Dessert",,
SUB,The Finest,Tiramisu Custard,,,
